run,mode,sample_fraction,final_test_mae,final_test_accuracy,total_time_sec,total_time_fair_sec,total_wall_time_sec,fake_eval_time_sec,hits,misses,hit_rate_overall,fake_hits,fake_hit_ratio
13,fec_simple_stratified,0.1,0.23684210526315785,0.7631578947368421,14.529112100601196,12.05918840673985,14.672712611965835,2.4699236938613467,16663.0,2008.0,0.8924535375716351,12496,0.7499249834963692
