run,mode,sample_fraction,final_test_mae,final_test_accuracy,total_time_sec,total_time_fair_sec,total_wall_time_sec,fake_eval_time_sec,hits,misses,hit_rate_overall,fake_hits,fake_hit_ratio
12,fec_simple_stratified,0.1,0.25877192982456143,0.7412280701754386,11.189513683319092,9.292870818811934,11.279996626020875,1.8966428645071574,15642.0,1783.0,0.8976757532281205,12092,0.7730469249456591
