run,mode,sample_fraction,final_test_mae,final_test_accuracy,total_time_sec,total_time_fair_sec,total_wall_time_sec,fake_eval_time_sec,hits,misses,hit_rate_overall,fake_hits,fake_hit_ratio
20,fec_simple_stratified,0.3,0.22368421052631582,0.7763157894736842,6.061547517776489,5.0476496028131805,6.141471084032673,1.0138979149633087,14958.0,3595.0,0.8062307982536517,6914,0.46222757053081964
