run,mode,sample_fraction,final_test_mae,final_test_accuracy,total_time_sec,total_time_fair_sec,total_wall_time_sec,fake_eval_time_sec,hits,misses,hit_rate_overall,fake_hits,fake_hit_ratio
11,fec_simple_stratified,0.3,0.23245614035087714,0.7675438596491229,10.480944156646729,8.908914591243956,10.566760146000888,1.5720295654027723,14365.0,4171.0,0.7749784203711696,8073,0.5619909502262443
