run,mode,sample_fraction,final_test_mae,final_test_accuracy,total_time_sec,total_time_fair_sec,total_wall_time_sec,fake_eval_time_sec,hits,misses,hit_rate_overall,fake_hits,fake_hit_ratio
19,fec_simple_stratified,0.3,0.22368421052631582,0.7763157894736842,5.842958211898804,4.914170289761387,5.9280497480067424,0.9287879221374169,15073.0,4300.0,0.7780416042946369,4509,0.29914416506335834
