run,mode,sample_fraction,final_test_mae,final_test_accuracy,total_time_sec,total_time_fair_sec,total_wall_time_sec,fake_eval_time_sec,hits,misses,hit_rate_overall,fake_hits,fake_hit_ratio
7,fec_simple_stratified,0.2,0.24122807017543857,0.7587719298245614,22.708632230758667,19.118638340383768,22.946162465028465,3.589993890374899,13072.0,2246.0,0.8533751142446795,6045,0.46243880048959607
