gen,invalid,avg,std,min,max,fitness_test,best_ind_length,avg_length,best_ind_nodes,avg_nodes,best_ind_depth,avg_depth,avg_used_codons,best_ind_used_codons,selection_time,generation_time,run,mode,sample_fraction
0,0,0.8585147247119078,0.16416855143627587,0.6619718309859155,1.0,,3,22.272727272727273,1,4.954545454545454,3,5.636363636363637,14.954545454545455,2,0.0,0.004456758499145508,2,fec_simple_farthest_point,0.1
1,11,0.6956181533646323,0.09588722198412633,0.6619718309859155,1.0,0.6619718309859155,3,12.694444444444445,1,2.4722222222222223,3,3.9166666666666665,6.722222222222222,2,0.00010824203491210938,0.005341053009033203,2,fec_simple_farthest_point,0.1
2,8,0.6619718309859155,0.0,0.6619718309859155,0.6619718309859155,0.6619718309859155,3,8.675675675675675,1,1.1891891891891893,3,3.108108108108108,2.6216216216216215,2,0.00010251998901367188,0.003375530242919922,2,fec_simple_farthest_point,0.1
3,2,0.6619718309859155,0.0,0.6619718309859155,0.6619718309859155,0.6619718309859155,3,6.934782608695652,1,1.0,3,3.0,2.0,2,0.00010466575622558594,0.0033338069915771484,2,fec_simple_farthest_point,0.1
4,5,0.6619718309859155,0.0,0.6619718309859155,0.6619718309859155,0.6619718309859155,3,6.975,1,1.0,3,3.0,2.0,2,0.00010180473327636719,0.003015756607055664,2,fec_simple_farthest_point,0.1
5,2,0.6619718309859154,1.1102230246251565e-16,0.6619718309859155,0.6619718309859155,0.6619718309859155,3,4.785714285714286,1,1.0,3,3.0,2.0,2,0.0001010894775390625,0.0035140514373779297,2,fec_simple_farthest_point,0.1
6,4,0.6619718309859155,0.0,0.6619718309859155,0.6619718309859155,0.6619718309859155,3,3.880952380952381,1,1.0,3,3.0,2.0,2,0.00011038780212402344,0.003099203109741211,2,fec_simple_farthest_point,0.1
7,2,0.6619718309859155,0.0,0.6619718309859155,0.6619718309859155,0.6619718309859155,3,3.7777777777777777,1,1.0,3,3.0,2.0,2,0.00010585784912109375,0.0031228065490722656,2,fec_simple_farthest_point,0.1
8,3,0.6619718309859155,0.0,0.6619718309859155,0.6619718309859155,0.6619718309859155,3,4.093023255813954,1,1.0,3,3.0,2.0,2,0.00010204315185546875,0.003090381622314453,2,fec_simple_farthest_point,0.1
9,1,0.6619718309859155,0.0,0.6619718309859155,0.6619718309859155,0.6619718309859155,3,4.785714285714286,1,1.0,3,3.0,2.0,2,0.00010752677917480469,0.003246307373046875,2,fec_simple_farthest_point,0.1
10,2,0.6619718309859155,0.0,0.6619718309859155,0.6619718309859155,0.6619718309859155,3,5.113636363636363,1,1.0,3,3.0,2.0,2,9.989738464355469e-05,0.0033614635467529297,2,fec_simple_farthest_point,0.1
