gen,invalid,avg,std,min,max,fitness_test,best_ind_length,avg_length,best_ind_nodes,avg_nodes,best_ind_depth,avg_depth,avg_used_codons,best_ind_used_codons,selection_time,generation_time,run,mode,sample_fraction
0,0,0.7698463508322664,0.15092583601416806,0.6619718309859155,1.0,,3,21.772727272727273,1,4.863636363636363,3,5.7727272727272725,14.590909090909092,2,0.0,0.0027456283569335938,5,fec_simple_stratified,0.2
1,18,0.6861502347417842,0.08414797215888882,0.6619718309859155,1.0,0.6619718309859155,3,26.6,1,4.0,3,5.033333333333333,11.533333333333333,2,8.320808410644531e-05,0.004535198211669922,5,fec_simple_stratified,0.2
2,10,0.693661971830986,0.09852865196924804,0.6619718309859155,1.0,0.6619718309859155,3,25.15625,1,3.03125,3,4.40625,8.40625,2,7.343292236328125e-05,0.0034971237182617188,5,fec_simple_stratified,0.2
3,4,0.6706518178840486,0.05109570659469603,0.6619718309859155,1.0,0.6619718309859155,3,23.3953488372093,1,2.0,3,3.6511627906976742,5.0,2,8.225440979003906e-05,0.0030744075775146484,5,fec_simple_stratified,0.2
4,4,0.6619718309859156,1.1102230246251565e-16,0.6619718309859155,0.6619718309859155,0.6619718309859155,3,21.6,1,1.375,3,3.325,3.2,2,8.177757263183594e-05,0.0024383068084716797,5,fec_simple_stratified,0.2
5,1,0.6619718309859155,0.0,0.6619718309859155,0.6619718309859155,0.6619718309859155,3,22.813953488372093,1,1.2325581395348837,3,3.116279069767442,2.604651162790698,2,7.653236389160156e-05,0.002463817596435547,5,fec_simple_stratified,0.2
6,4,0.6619718309859156,1.1102230246251565e-16,0.6619718309859155,0.6619718309859155,0.6619718309859155,3,21.94736842105263,1,1.0,3,3.0,2.0,2,7.295608520507812e-05,0.002222299575805664,5,fec_simple_stratified,0.2
7,1,0.6619718309859155,0.0,0.6619718309859155,0.6619718309859155,0.6619718309859155,3,20.065217391304348,1,1.0,3,3.0,2.0,2,7.081031799316406e-05,0.0019292831420898438,5,fec_simple_stratified,0.2
8,3,0.6619718309859155,0.0,0.6619718309859155,0.6619718309859155,0.6619718309859155,3,17.91111111111111,1,1.0,3,3.0,2.0,2,7.224082946777344e-05,0.0020825862884521484,5,fec_simple_stratified,0.2
9,1,0.6619718309859155,0.0,0.6619718309859155,0.6619718309859155,0.6619718309859155,3,17.434782608695652,1,1.0,3,3.0,2.0,2,7.390975952148438e-05,0.0021445751190185547,5,fec_simple_stratified,0.2
10,4,0.6619718309859155,0.0,0.6619718309859155,0.6619718309859155,0.6619718309859155,3,16.288888888888888,1,1.0,3,3.0,2.0,2,7.748603820800781e-05,0.0018613338470458984,5,fec_simple_stratified,0.2
