gen,invalid,avg,std,min,max,fitness_test,best_ind_length,avg_length,best_ind_nodes,avg_nodes,best_ind_depth,avg_depth,avg_used_codons,best_ind_used_codons,selection_time,generation_time,run,mode,sample_fraction
0,0,0.7950704225352112,0.13072630641554056,0.704225352112676,1.0,,3,19.55,1,4.5,3,5.3,13.1,2,0.0,0.004952430725097656,5,fec_simple_farthest_point,0.3
1,11,0.7134683098591549,0.051462610747988774,0.704225352112676,1.0,0.704225352112676,3,10.875,1,2.0,3,3.625,5.125,2,0.00010943412780761719,0.012395858764648438,5,fec_simple_farthest_point,0.3
2,6,0.704225352112676,0.0,0.704225352112676,0.704225352112676,0.704225352112676,3,10.657894736842104,1,1.236842105263158,3,3.1052631578947367,2.6315789473684212,2,0.00010704994201660156,0.009963512420654297,5,fec_simple_farthest_point,0.3
3,5,0.7112676056338028,0.045092424207273586,0.704225352112676,1.0,0.704225352112676,3,10.976190476190476,1,1.119047619047619,3,3.119047619047619,2.4285714285714284,2,0.00011658668518066406,0.007567644119262695,5,fec_simple_farthest_point,0.3
4,3,0.710284965607599,0.03927078379316915,0.704225352112676,0.9647887323943662,0.704225352112676,3,10.790697674418604,1,1.1162790697674418,3,3.0930232558139537,2.395348837209302,2,0.0001068115234375,0.0077555179595947266,5,fec_simple_farthest_point,0.3
5,2,0.704225352112676,0.0,0.704225352112676,0.704225352112676,0.704225352112676,3,9.044444444444444,1,1.0,3,3.0,2.0,2,0.000125885009765625,0.007689237594604492,5,fec_simple_farthest_point,0.3
6,1,0.7042253521126761,1.1102230246251565e-16,0.704225352112676,0.704225352112676,0.704225352112676,3,8.27659574468085,1,1.0,3,3.0,2.0,2,0.00011372566223144531,0.010629415512084961,5,fec_simple_farthest_point,0.3
7,3,0.704225352112676,0.0,0.704225352112676,0.704225352112676,0.704225352112676,3,10.090909090909092,1,1.0,3,3.0,2.0,2,0.00011396408081054688,0.007763862609863281,5,fec_simple_farthest_point,0.3
8,0,0.704225352112676,0.0,0.704225352112676,0.704225352112676,0.704225352112676,3,9.695652173913043,1,1.0,3,3.0,2.0,2,0.00011301040649414062,0.007021665573120117,5,fec_simple_farthest_point,0.3
9,2,0.704225352112676,0.0,0.704225352112676,0.704225352112676,0.704225352112676,3,11.068181818181818,1,1.0,3,3.0,2.0,2,0.0001304149627685547,0.009239673614501953,5,fec_simple_farthest_point,0.3
10,2,0.704225352112676,0.0,0.704225352112676,0.704225352112676,0.704225352112676,3,11.704545454545455,1,1.0,3,3.0,2.0,2,0.00011157989501953125,0.003383159637451172,5,fec_simple_farthest_point,0.3
