source,sampling_method,mode,sample_fraction,speedup,speedup_pvalue,delta_mae_vs_baseline,delta_accuracy_vs_baseline,fake_hit_ratio_mean,final_test_mae_mean,final_test_mae_std,final_test_accuracy_mean,final_test_accuracy_std,total_time_sec_mean,total_time_sec_std,mae_pvalue
baseline,,baseline_simple,1.0,1.0,,0.0,0.0,0.0,0.029999999999999992,0.039999999999999994,0.97,0.04,6.064244115352631,2.084407323983984,
FEC,farthest_point,fec_simple_farthest_point,0.1,1.3283785864723252,0.0037976919552341155,0.005624999999999956,-0.00562499999999988,0.5552363467461331,0.03562499999999995,0.024772401478258013,0.9643750000000001,0.024772401478258013,5.584632849693298,1.045398872972553,0.6059001014731948
FEC,farthest_point,fec_simple_farthest_point,0.2,1.23147891598005,0.016766638796856675,-0.012500000000000063,0.012500000000000178,0.3474849786784465,0.01749999999999993,0.007288689868556656,0.9825000000000002,0.007288689868556654,5.9476511716842655,0.7856489294058633,0.19505273568948717
FEC,farthest_point,fec_simple_farthest_point,0.3,1.072901244757015,0.25804636861830227,-0.016875000000000067,0.016875000000000084,0.2926614009653368,0.013124999999999925,0.006218671481916382,0.9868750000000001,0.00621867148191641,6.828101551532745,2.171104316090825,0.08428284928706511
FEC,stratified,fec_simple_stratified,0.1,1.252327631985351,0.01237373993557228,0.01999999999999997,-0.020000000000000018,0.6980405995584551,0.04999999999999996,0.03235544776386197,0.95,0.032355447763861976,5.9442880034446715,0.9370961452170081,0.09870980289260642
FEC,stratified,fec_simple_stratified,0.2,1.190564753031651,0.03539630831215005,-0.0012500000000000427,0.0012500000000000844,0.5859254857818087,0.02874999999999995,0.01681703005884215,0.9712500000000001,0.01681703005884216,6.236632525920868,1.0018044025747153,0.9010571678039238
FEC,stratified,fec_simple_stratified,0.3,1.233772905985484,0.01759274530263998,-0.008125000000000049,0.008125000000000049,0.46979700568295346,0.021874999999999943,0.011775902300885493,0.978125,0.011775902300885488,5.970659482479095,0.9825663486068106,0.4047203937581403
