gen,invalid,avg,std,min,max,fitness_test,best_ind_length,avg_length,best_ind_nodes,avg_nodes,best_ind_depth,avg_depth,avg_used_codons,best_ind_used_codons,selection_time,generation_time,run,mode,sample_fraction
0,0,0.5250974658869396,0.1787504503833984,0.2894736842105263,0.7105263157894737,,15,22.27777777777778,5,5.111111111111111,6,6.055555555555555,15.0,10,0.0,0.0047740936279296875,5,fec_simple_stratified,0.3
1,20,0.3833732057416268,0.12308906926758964,0.2807017543859649,0.7017543859649122,0.2807017543859649,27,20.818181818181817,2,3.5454545454545454,5,5.090909090909091,9.0,6,0.00012612342834472656,0.00606226921081543,5,fec_simple_stratified,0.3
2,13,0.3448142414860681,0.1311698779877018,0.27192982456140347,0.7105263157894737,0.27192982456140347,30,23.735294117647058,6,4.264705882352941,8,5.852941176470588,10.588235294117647,18,0.00010538101196289062,0.004778385162353516,5,fec_simple_stratified,0.3
3,13,0.406641604010025,0.1765334615301162,0.2543859649122807,0.7236842105263157,0.2543859649122807,31,26.4,6,3.8,8,5.942857142857143,9.685714285714285,18,0.00013327598571777344,0.005944728851318359,5,fec_simple_stratified,0.3
4,9,0.3748903508771929,0.16522049020616145,0.2543859649122807,0.7149122807017544,0.2543859649122807,31,27.075,6,3.6,8,5.975,9.775,18,0.00012993812561035156,0.005628347396850586,5,fec_simple_stratified,0.3
5,14,0.4468671679197995,0.19446279863159646,0.23245614035087714,0.7280701754385965,0.23245614035087714,35,30.742857142857144,3,3.9714285714285715,6,6.485714285714286,11.628571428571428,9,0.00012803077697753906,0.007488727569580078,5,fec_simple_stratified,0.3
