gen,invalid,avg,std,min,max,fitness_test,best_ind_length,avg_length,best_ind_nodes,avg_nodes,best_ind_depth,avg_depth,avg_used_codons,best_ind_used_codons,selection_time,generation_time,run,mode,sample_fraction
0,0,0.6050051599587203,0.1524433808558536,0.29824561403508776,0.7412280701754386,,36,24.823529411764707,8,5.529411764705882,7,6.117647058823529,16.647058823529413,24,0.0,0.0044896602630615234,4,fec_simple_farthest_point,0.1
1,24,0.5203349282296651,0.17511705709251937,0.29824561403508776,0.7017543859649122,0.29824561403508776,36,32.81818181818182,8,6.363636363636363,7,6.818181818181818,18.59090909090909,24,0.00012063980102539062,0.007975101470947266,4,fec_simple_farthest_point,0.1
2,23,0.41081871345029236,0.1570889254802277,0.2807017543859649,0.7017543859649122,0.2807017543859649,36,37.416666666666664,8,6.625,7,7.166666666666667,19.375,24,0.00010251998901367188,0.007092475891113281,4,fec_simple_farthest_point,0.1
3,22,0.3554256010396361,0.1246638691743658,0.2543859649122807,0.7017543859649122,0.2543859649122807,57,39.592592592592595,8,7.148148148148148,7,7.296296296296297,20.22222222222222,24,0.00012993812561035156,0.007745504379272461,4,fec_simple_farthest_point,0.1
4,23,0.34027777777777773,0.11772126915348682,0.2543859649122807,0.7105263157894737,0.2543859649122807,57,46.166666666666664,8,8.875,7,7.916666666666667,24.333333333333332,24,0.00013494491577148438,0.008450508117675781,4,fec_simple_farthest_point,0.1
5,12,0.40070662768031196,0.15860097894097,0.2543859649122807,0.7017543859649122,0.2543859649122807,57,53.388888888888886,8,9.055555555555555,7,7.944444444444445,25.61111111111111,24,0.0001246929168701172,0.00944066047668457,4,fec_simple_farthest_point,0.1
