gen,invalid,avg,std,min,max,fitness_test,best_ind_length,avg_length,best_ind_nodes,avg_nodes,best_ind_depth,avg_depth,avg_used_codons,best_ind_used_codons,selection_time,generation_time,run,mode,sample_fraction
0,0,0.551477377654663,0.15645078248510022,0.3026315789473685,0.7149122807017544,,36,22.105263157894736,8,4.947368421052632,7,5.7368421052631575,14.789473684210526,24,0.0,0.004132270812988281,1,fec_simple_farthest_point,0.2
1,13,0.38768796992481197,0.12063590190090409,0.3026315789473685,0.6885964912280702,0.3026315789473685,36,13.0,8,2.5,7,4.071428571428571,6.678571428571429,24,0.000125885009765625,0.0041637420654296875,1,fec_simple_farthest_point,0.2
2,13,0.3402659875495189,0.04123099294791584,0.3026315789473685,0.513157894736842,0.3026315789473685,36,20.70967741935484,8,3.4838709677419355,7,4.483870967741935,9.483870967741936,24,0.00010061264038085938,0.004938602447509766,1,fec_simple_farthest_point,0.2
3,22,0.3723009446693657,0.10337893372019288,0.3026315789473685,0.6885964912280702,0.3026315789473685,36,32.03846153846154,8,5.076923076923077,7,5.769230769230769,14.461538461538462,24,0.00011014938354492188,0.006192207336425781,1,fec_simple_farthest_point,0.2
4,18,0.41737408036219575,0.14389232781263198,0.29385964912280704,0.6885964912280702,0.29385964912280704,33,37.58064516129032,7,6.838709677419355,7,6.967741935483871,19.451612903225808,21,0.0001010894775390625,0.008013248443603516,1,fec_simple_farthest_point,0.2
5,22,0.36319163292847495,0.077938326231794,0.29385964912280704,0.6096491228070176,0.29385964912280704,33,35.23076923076923,7,6.269230769230769,7,6.961538461538462,18.192307692307693,21,0.000118255615234375,0.007163047790527344,1,fec_simple_farthest_point,0.2
