gen,invalid,avg,std,min,max,fitness_test,best_ind_length,avg_length,best_ind_nodes,avg_nodes,best_ind_depth,avg_depth,avg_used_codons,best_ind_used_codons,selection_time,generation_time,run,mode,sample_fraction
0,0,0.5248538011695907,0.18087814778639394,0.2807017543859649,0.7236842105263157,,36,21.066666666666666,8,4.733333333333333,7,5.466666666666667,14.066666666666666,24,0.0,0.003865957260131836,4,fec_simple_stratified,0.3
1,20,0.4066416040100251,0.16501313847995813,0.27192982456140347,0.7192982456140351,0.27192982456140347,29,26.571428571428573,3,5.357142857142857,7,5.928571428571429,15.357142857142858,10,0.00010418891906738281,0.006917238235473633,4,fec_simple_stratified,0.3
2,13,0.3678894205209995,0.14762498542381902,0.27192982456140347,0.7192982456140351,0.27192982456140347,29,34.84848484848485,3,6.121212121212121,7,6.666666666666667,17.09090909090909,10,9.870529174804688e-05,0.007256984710693359,4,fec_simple_stratified,0.3
3,7,0.3701754385964912,0.15887790879976368,0.26754385964912286,0.7280701754385965,0.26754385964912286,20,33.3,3,5.4,7,6.825,14.975,10,0.0001327991485595703,0.006710529327392578,4,fec_simple_stratified,0.3
4,14,0.3826754385964912,0.16529037005448485,0.26315789473684215,0.7280701754385965,0.26315789473684215,29,30.65625,4,5.25,7,7.15625,14.6875,13,0.00011754035949707031,0.006430864334106445,4,fec_simple_stratified,0.3
5,14,0.3455608718766614,0.14196045736003773,0.26315789473684215,0.7236842105263157,0.26315789473684215,29,29.90909090909091,4,4.606060606060606,7,7.575757575757576,14.333333333333334,13,0.0001609325408935547,0.006224870681762695,4,fec_simple_stratified,0.3
