gen,invalid,avg,std,min,max,fitness_test,best_ind_length,avg_length,best_ind_nodes,avg_nodes,best_ind_depth,avg_depth,avg_used_codons,best_ind_used_codons,selection_time,generation_time,run,mode,sample_fraction
0,0,0.5769980506822612,0.14693689592117984,0.2763157894736842,0.7236842105263157,,33,25.666666666666668,7,5.555555555555555,7,6.388888888888889,17.166666666666668,22,0.0,0.004689455032348633,5,fec_simple_stratified,0.1
1,23,0.5005720823798627,0.14675570216923078,0.27192982456140347,0.7631578947368421,0.27192982456140347,36,31.869565217391305,8,6.043478260869565,7,7.043478260869565,18.043478260869566,24,0.00011372566223144531,0.008695840835571289,5,fec_simple_stratified,0.1
2,18,0.42397660818713456,0.15112623782695944,0.27192982456140347,0.7236842105263157,0.27192982456140347,36,35.23809523809524,8,5.523809523809524,7,7.0,16.61904761904762,24,0.00010824203491210938,0.006886005401611328,5,fec_simple_stratified,0.1
3,18,0.3874269005847954,0.11983548716905118,0.26754385964912286,0.7192982456140351,0.26754385964912286,32,36.407407407407405,5,6.2592592592592595,7,7.407407407407407,18.85185185185185,15,0.00011301040649414062,0.009057998657226562,5,fec_simple_stratified,0.1
4,12,0.3617266851338874,0.14431559913454506,0.24561403508771928,0.7192982456140351,0.24561403508771928,35,35.39473684210526,4,6.552631578947368,7,7.368421052631579,19.0,12,0.0001232624053955078,0.008121967315673828,5,fec_simple_stratified,0.1
5,13,0.39521100047415836,0.18385678001185857,0.24561403508771928,0.7631578947368421,0.24561403508771928,35,33.810810810810814,4,5.972972972972973,7,7.405405405405405,17.243243243243242,12,0.00013566017150878906,0.007930755615234375,5,fec_simple_stratified,0.1
