gen,invalid,avg,std,min,max,fitness_test,best_ind_length,avg_length,best_ind_nodes,avg_nodes,best_ind_depth,avg_depth,avg_used_codons,best_ind_used_codons,selection_time,generation_time,run,mode,sample_fraction
0,0,0.4860197368421053,0.17264231752755466,0.2807017543859649,0.7324561403508771,,9,21.1875,2,4.625,5,6.3125,14.25,6,0.0,0.004083871841430664,1,fec_simple_stratified,0.2
1,14,0.37046783625730995,0.12664093413866775,0.26754385964912286,0.736842105263158,0.26754385964912286,13,15.366666666666667,2,2.533333333333333,6,5.333333333333333,7.566666666666666,7,0.0001285076141357422,0.004889488220214844,1,fec_simple_stratified,0.2
2,14,0.3570691434468524,0.1631434602479629,0.24561403508771928,0.7587719298245614,0.24561403508771928,28,19.264705882352942,7,3.5,10,6.4411764705882355,10.735294117647058,22,0.0001010894775390625,0.004739046096801758,1,fec_simple_stratified,0.2
3,12,0.37945241892610315,0.1923322901065089,0.24561403508771928,0.7192982456140351,0.24561403508771928,28,19.78787878787879,7,4.03030303030303,10,7.121212121212121,12.393939393939394,22,0.00011539459228515625,0.00513005256652832,1,fec_simple_stratified,0.2
4,22,0.3629824561403509,0.17127641681567723,0.24561403508771928,0.736842105263158,0.24561403508771928,28,27.32,7,5.2,10,8.12,16.36,22,0.00012040138244628906,0.005970954895019531,1,fec_simple_stratified,0.2
5,16,0.3333333333333333,0.14512899366438461,0.24561403508771928,0.7105263157894737,0.24561403508771928,28,33.121212121212125,7,7.666666666666667,10,9.848484848484848,23.545454545454547,22,0.00011229515075683594,0.0075531005859375,1,fec_simple_stratified,0.2
