gen,invalid,avg,std,min,max,fitness_test,best_ind_length,avg_length,best_ind_nodes,avg_nodes,best_ind_depth,avg_depth,avg_used_codons,best_ind_used_codons,selection_time,generation_time,run,mode,sample_fraction
0,0,0.5021929824561404,0.18320265215728684,0.2543859649122807,0.7543859649122807,,13,23.75,3,5.2,6,6.3,15.95,9,0.0,0.004390716552734375,1,fec_simple_stratified,0.3
1,22,0.39134768740031894,0.14969009637030717,0.2543859649122807,0.7412280701754386,0.2543859649122807,13,21.954545454545453,3,4.2272727272727275,6,5.909090909090909,12.454545454545455,9,0.00011324882507324219,0.005733966827392578,1,fec_simple_stratified,0.3
2,21,0.3344774980930587,0.1168262630570157,0.2543859649122807,0.7149122807017544,0.2543859649122807,13,23.08695652173913,3,3.8260869565217392,6,5.782608695652174,10.608695652173912,9,0.0001049041748046875,0.004830121994018555,1,fec_simple_stratified,0.3
3,18,0.3650254668930391,0.14880500473486338,0.24561403508771928,0.7192982456140351,0.24561403508771928,16,23.741935483870968,4,3.7096774193548385,7,6.387096774193548,10.64516129032258,12,0.00012040138244628906,0.005206584930419922,1,fec_simple_stratified,0.3
4,13,0.3676900584795322,0.14228120951349515,0.23245614035087714,0.736842105263158,0.23245614035087714,18,21.63888888888889,3,3.361111111111111,6,6.194444444444445,9.666666666666666,9,0.00011467933654785156,0.004816770553588867,1,fec_simple_stratified,0.3
5,20,0.33187134502923976,0.1308034325906524,0.23245614035087714,0.7192982456140351,0.23245614035087714,18,20.033333333333335,3,3.4,6,6.233333333333333,10.033333333333333,9,0.00011730194091796875,0.0043544769287109375,1,fec_simple_stratified,0.3
