gen,invalid,avg,std,min,max,fitness_test,best_ind_length,avg_length,best_ind_nodes,avg_nodes,best_ind_depth,avg_depth,avg_used_codons,best_ind_used_codons,selection_time,generation_time,run,mode,sample_fraction
0,0,0.49537037037037035,0.17458657766001148,0.2763157894736842,0.7456140350877193,,33,24.833333333333332,7,5.555555555555555,7,6.277777777777778,16.666666666666668,22,0.0,0.004179477691650391,3,fec_simple_stratified,0.1
1,17,0.3835450695704779,0.18090612949470167,0.25,0.7456140350877193,0.25,23,34.41379310344828,2,6.724137931034483,5,7.068965517241379,19.517241379310345,6,0.00011587142944335938,0.007899761199951172,3,fec_simple_stratified,0.1
2,14,0.3358004385964912,0.12995126979211574,0.25,0.7587719298245614,0.25,23,34.6875,2,6.40625,5,7.0625,17.96875,6,0.000102996826171875,0.007093667984008789,3,fec_simple_stratified,0.1
3,16,0.3174342105263158,0.0967758337594986,0.25,0.5964912280701755,0.25,23,36.28125,2,6.09375,5,7.375,17.375,6,0.00012612342834472656,0.006821393966674805,3,fec_simple_stratified,0.1
4,11,0.4147700331910859,0.20177381660752394,0.24122807017543857,0.7587719298245614,0.24122807017543857,43,31.945945945945947,10,4.648648648648648,10,6.756756756756757,13.945945945945946,31,0.00012636184692382812,0.006561279296875,3,fec_simple_stratified,0.1
5,15,0.41440723019670384,0.19679644574059402,0.24122807017543857,0.7587719298245614,0.24122807017543857,43,28.0,10,3.6363636363636362,10,6.151515151515151,10.727272727272727,31,0.00011157989501953125,0.0051517486572265625,3,fec_simple_stratified,0.1
