gen,invalid,avg,std,min,max,fitness_test,best_ind_length,avg_length,best_ind_nodes,avg_nodes,best_ind_depth,avg_depth,avg_used_codons,best_ind_used_codons,selection_time,generation_time,run,mode,sample_fraction
0,0,0.4893483709273183,0.1554364668378047,0.27192982456140347,0.7149122807017544,,18,25.5,4,5.5,6,6.5,17.071428571428573,12,0.0,0.0038781166076660156,4,fec_simple_farthest_point,0.2
1,16,0.451188455008489,0.1737030093333413,0.26754385964912286,0.75,0.26754385964912286,49,24.580645161290324,7,4.870967741935484,9,6.451612903225806,14.096774193548388,21,0.00010251998901367188,0.007587432861328125,4,fec_simple_farthest_point,0.2
2,12,0.40714285714285714,0.16894786848370352,0.2543859649122807,0.7324561403508771,0.2543859649122807,32,30.285714285714285,4,5.485714285714286,6,6.857142857142857,15.857142857142858,12,0.00010061264038085938,0.007402658462524414,4,fec_simple_farthest_point,0.2
3,6,0.3389432884536923,0.13398228600379872,0.24561403508771928,0.7192982456140351,0.24561403508771928,29,35.2093023255814,4,6.069767441860465,6,7.1395348837209305,16.511627906976745,12,0.0001246929168701172,0.0069658756256103516,4,fec_simple_farthest_point,0.2
4,6,0.45369237046103633,0.19641594901109868,0.24561403508771928,0.7456140350877193,0.24561403508771928,29,33.46511627906977,4,5.441860465116279,6,7.046511627906977,15.279069767441861,12,0.00014853477478027344,0.008285284042358398,4,fec_simple_farthest_point,0.2
5,7,0.45811403508771925,0.19880314301777466,0.24561403508771928,0.7236842105263157,0.24561403508771928,29,37.125,4,5.9,6,7.125,16.2,12,0.00014281272888183594,0.0075724124908447266,4,fec_simple_farthest_point,0.2
