gen,invalid,avg,std,min,max,fitness_test,best_ind_length,avg_length,best_ind_nodes,avg_nodes,best_ind_depth,avg_depth,avg_used_codons,best_ind_used_codons,selection_time,generation_time,run,mode,sample_fraction
0,0,0.5666666666666668,0.16139079532944844,0.32456140350877194,0.7192982456140351,,36,22.933333333333334,8,5.066666666666666,7,6.133333333333334,15.4,24,0.0,0.0036818981170654297,1,fec_simple_stratified,0.1
1,19,0.41126855600539813,0.12641876432895213,0.2763157894736842,0.7280701754385965,0.2763157894736842,43,30.692307692307693,5,6.346153846153846,8,6.846153846153846,18.884615384615383,15,0.00011515617370605469,0.007843971252441406,1,fec_simple_stratified,0.1
2,22,0.39087719298245616,0.12395652490979706,0.2763157894736842,0.6798245614035088,0.2763157894736842,43,32.48,5,5.6,8,7.08,16.52,15,9.870529174804688e-05,0.00637364387512207,1,fec_simple_stratified,0.1
3,17,0.35526315789473684,0.12099719840624686,0.27192982456140347,0.6798245614035088,0.27192982456140347,40,34.28125,4,4.09375,7,6.71875,12.375,12,0.00011920928955078125,0.005984067916870117,1,fec_simple_stratified,0.1
4,14,0.3986068111455109,0.16707612481533604,0.27192982456140347,0.7236842105263157,0.27192982456140347,40,38.64705882352941,4,5.235294117647059,7,7.411764705882353,15.411764705882353,12,0.00012922286987304688,0.006454944610595703,1,fec_simple_stratified,0.1
5,8,0.49024122807017545,0.16382764201232702,0.27192982456140347,0.7192982456140351,0.27192982456140347,40,42.675,4,5.775,7,7.7,17.075,12,0.00011801719665527344,0.008433341979980469,1,fec_simple_stratified,0.1
