gen,invalid,avg,std,min,max,fitness_test,best_ind_length,avg_length,best_ind_nodes,avg_nodes,best_ind_depth,avg_depth,avg_used_codons,best_ind_used_codons,selection_time,generation_time,run,mode,sample_fraction
0,0,0.43960863697705804,0.1751275400865309,0.2763157894736842,0.7236842105263157,,18,28.76923076923077,4,6.3076923076923075,6,6.769230769230769,19.23076923076923,12,0.0,0.003970623016357422,2,fec_simple_stratified,0.1
1,17,0.3817160087719299,0.15339314401134144,0.26754385964912286,0.7192982456140351,0.26754385964912286,29,24.28125,5,4.78125,7,6.8125,14.28125,15,0.00010895729064941406,0.0075130462646484375,2,fec_simple_stratified,0.1
2,19,0.35204678362573105,0.14524513500459135,0.24561403508771928,0.7192982456140351,0.24561403508771928,24,28.7,5,4.833333333333333,7,6.8,14.066666666666666,15,0.00010943412780761719,0.006155967712402344,2,fec_simple_stratified,0.1
3,10,0.4232456140350877,0.19521174717002293,0.24561403508771928,0.7149122807017544,0.24561403508771928,24,30.31578947368421,5,5.5,7,7.2368421052631575,15.421052631578947,15,0.00012135505676269531,0.007134199142456055,2,fec_simple_stratified,0.1
4,12,0.3378411306042885,0.1418373031301089,0.24561403508771928,0.7192982456140351,0.24561403508771928,24,31.88888888888889,5,5.861111111111111,7,7.416666666666667,16.63888888888889,15,0.0001442432403564453,0.0071258544921875,2,fec_simple_stratified,0.1
5,7,0.3729166666666667,0.1666882704719413,0.24561403508771928,0.7675438596491229,0.24561403508771928,24,36.4,5,6.0,7,7.4,17.125,15,0.00011849403381347656,0.008020877838134766,2,fec_simple_stratified,0.1
