gen,invalid,avg,std,min,max,fitness_test,best_ind_length,avg_length,best_ind_nodes,avg_nodes,best_ind_depth,avg_depth,avg_used_codons,best_ind_used_codons,selection_time,generation_time,run,mode,sample_fraction
0,0,0.5478801169590644,0.1635251237075859,0.26754385964912286,0.7192982456140351,,31,23.625,6,5.25,7,6.083333333333333,15.833333333333334,21,0.0,0.0044710636138916016,4,fec_simple_farthest_point,0.3
1,19,0.4216791979949875,0.1414320156698549,0.26754385964912286,0.706140350877193,0.26754385964912286,31,22.714285714285715,6,4.178571428571429,7,5.75,12.0,21,0.00011301040649414062,0.006299495697021484,4,fec_simple_farthest_point,0.3
2,18,0.36977058029689613,0.1569913862456475,0.24122807017543857,0.7324561403508771,0.24122807017543857,19,30.423076923076923,3,5.576923076923077,6,6.538461538461538,15.807692307692308,9,0.00010967254638671875,0.006372213363647461,4,fec_simple_farthest_point,0.3
3,13,0.3233082706766917,0.09252097038777327,0.24122807017543857,0.5877192982456141,0.24122807017543857,19,26.464285714285715,3,5.107142857142857,6,6.678571428571429,14.678571428571429,9,0.00011301040649414062,0.00608372688293457,4,fec_simple_farthest_point,0.3
4,18,0.4151002506265664,0.18308529063825055,0.24122807017543857,0.7587719298245614,0.24122807017543857,19,24.928571428571427,3,4.0,6,6.214285714285714,11.607142857142858,9,0.0001246929168701172,0.005608797073364258,4,fec_simple_farthest_point,0.3
5,10,0.39539473684210524,0.17363256254053305,0.23684210526315785,0.7543859649122807,0.23684210526315785,32,26.1,4,3.9,7,6.125,11.05,12,0.00011038780212402344,0.005561113357543945,4,fec_simple_farthest_point,0.3
