gen,invalid,avg,std,min,max,fitness_test,best_ind_length,avg_length,best_ind_nodes,avg_nodes,best_ind_depth,avg_depth,avg_used_codons,best_ind_used_codons,selection_time,generation_time,run,mode,sample_fraction
0,0,0.5246101364522419,0.15508201683874198,0.29385964912280704,0.7105263157894737,,37,26.833333333333332,8,5.833333333333333,7,6.444444444444445,17.944444444444443,25,0.0,0.003952980041503906,2,fec_simple_farthest_point,0.2
1,26,0.396016081871345,0.11353126984899291,0.2894736842105263,0.6008771929824561,0.2894736842105263,36,31.375,7,5.416666666666667,7,6.166666666666667,16.208333333333332,17,0.00012063980102539062,0.0065708160400390625,2,fec_simple_farthest_point,0.2
2,22,0.36860380116959063,0.12074341257997283,0.2894736842105263,0.7149122807017544,0.2894736842105263,36,36.583333333333336,7,6.833333333333333,7,7.0,18.666666666666668,17,0.00010275840759277344,0.0072896480560302734,2,fec_simple_farthest_point,0.2
3,21,0.32280701754385965,0.09078841426621481,0.2894736842105263,0.6973684210526316,0.2894736842105263,36,36.8,7,6.88,7,6.92,17.24,17,0.00011873245239257812,0.006184816360473633,2,fec_simple_farthest_point,0.2
4,17,0.30339435545385207,0.048765525612592175,0.2894736842105263,0.5307017543859649,0.2894736842105263,36,35.130434782608695,7,6.608695652173913,7,6.956521739130435,16.82608695652174,17,0.00011467933654785156,0.0060651302337646484,2,fec_simple_farthest_point,0.2
5,15,0.33957489878542507,0.11657082273661089,0.2894736842105263,0.7105263157894737,0.2894736842105263,36,40.96153846153846,7,7.923076923076923,7,7.538461538461538,19.307692307692307,17,0.0001270771026611328,0.006754159927368164,2,fec_simple_farthest_point,0.2
