gen,invalid,avg,std,min,max,fitness_test,best_ind_length,avg_length,best_ind_nodes,avg_nodes,best_ind_depth,avg_depth,avg_used_codons,best_ind_used_codons,selection_time,generation_time,run,mode,sample_fraction
0,0,0.5367324561403509,0.16381355097228176,0.2763157894736842,0.7412280701754386,,19,22.666666666666668,4,5.0,7,6.041666666666667,15.166666666666666,13,0.0,0.005028963088989258,5,fec_simple_stratified,0.2
1,26,0.40328947368421053,0.16099224754748562,0.26315789473684215,0.7105263157894737,0.26315789473684215,38,29.95,7,4.45,7,6.65,13.65,21,0.00010824203491210938,0.006952524185180664,5,fec_simple_stratified,0.2
2,17,0.41727162734422263,0.16682469399479738,0.26315789473684215,0.706140350877193,0.26315789473684215,38,30.896551724137932,7,5.137931034482759,7,7.379310344827586,15.310344827586206,21,0.00010180473327636719,0.006127834320068359,5,fec_simple_stratified,0.2
3,11,0.3830827067669173,0.17166026275395677,0.26315789473684215,0.7236842105263157,0.26315789473684215,38,34.457142857142856,7,5.742857142857143,7,7.6571428571428575,17.457142857142856,21,0.00010633468627929688,0.006605625152587891,5,fec_simple_stratified,0.2
4,16,0.41988304093567247,0.19112923747489646,0.2543859649122807,0.7412280701754386,0.2543859649122807,32,38.03333333333333,5,6.3,7,8.033333333333333,19.066666666666666,15,0.00012636184692382812,0.008347749710083008,5,fec_simple_stratified,0.2
5,14,0.4037745879851143,0.18795385050020338,0.2543859649122807,0.7236842105263157,0.2543859649122807,32,39.54545454545455,5,6.393939393939394,7,8.121212121212121,19.424242424242426,15,0.00013303756713867188,0.007822275161743164,5,fec_simple_stratified,0.2
