gen,invalid,avg,std,min,max,fitness_test,best_ind_length,avg_length,best_ind_nodes,avg_nodes,best_ind_depth,avg_depth,avg_used_codons,best_ind_used_codons,selection_time,generation_time,run,mode,sample_fraction
0,0,0.5450292397660819,0.1514140003909166,0.29385964912280704,0.7280701754385965,,9,26.933333333333334,2,6.0,5,6.2,18.0,6,0.0,0.004128932952880859,4,fec_simple_stratified,0.2
1,27,0.443859649122807,0.14700901243930944,0.29385964912280704,0.7105263157894737,0.29385964912280704,9,20.45,2,4.1,5,5.55,11.7,6,0.00011754035949707031,0.006110429763793945,4,fec_simple_stratified,0.2
2,16,0.4490962254120149,0.1661585310338214,0.2894736842105263,0.7149122807017544,0.2894736842105263,18,25.09090909090909,2,4.787878787878788,5,6.151515151515151,13.121212121212121,6,0.00010085105895996094,0.005878448486328125,4,fec_simple_stratified,0.2
3,14,0.4521303258145363,0.18116097156252303,0.2894736842105263,0.7149122807017544,0.2894736842105263,18,29.37142857142857,2,3.5714285714285716,5,5.8,9.285714285714286,6,0.0001289844512939453,0.004671573638916016,4,fec_simple_stratified,0.2
4,9,0.41412742382271467,0.16116833069478523,0.2894736842105263,0.7149122807017544,0.2894736842105263,18,29.55263157894737,2,3.1578947368421053,5,5.526315789473684,8.81578947368421,6,0.00011849403381347656,0.0046062469482421875,4,fec_simple_stratified,0.2
5,8,0.44780701754385976,0.17423048948356243,0.2894736842105263,0.7236842105263157,0.2894736842105263,18,29.6,2,3.65,5,5.825,9.825,6,0.00011682510375976562,0.0049250125885009766,4,fec_simple_stratified,0.2
