gen,invalid,avg,std,min,max,fitness_test,best_ind_length,avg_length,best_ind_nodes,avg_nodes,best_ind_depth,avg_depth,avg_used_codons,best_ind_used_codons,selection_time,generation_time,run,mode,sample_fraction
0,0,0.5450558213716108,0.13859031981458783,0.2807017543859649,0.706140350877193,,36,27.045454545454547,8,5.909090909090909,7,6.545454545454546,18.136363636363637,24,0.0,0.0049495697021484375,5,fec_simple_farthest_point,0.2
1,22,0.3915789473684211,0.1452252259992855,0.26315789473684215,0.706140350877193,0.26315789473684215,18,31.16,3,5.88,7,7.12,17.68,10,0.00012350082397460938,0.00793600082397461,5,fec_simple_farthest_point,0.2
2,16,0.34090909090909094,0.12432265499504518,0.26315789473684215,0.7105263157894737,0.26315789473684215,18,32.95454545454545,3,6.0,7,7.636363636363637,17.318181818181817,10,0.00010013580322265625,0.00739598274230957,5,fec_simple_farthest_point,0.2
3,14,0.3815789473684211,0.1520529336925335,0.26315789473684215,0.706140350877193,0.26315789473684215,18,30.5,3,4.15625,7,7.3125,12.625,10,0.0001442432403564453,0.006850004196166992,5,fec_simple_farthest_point,0.2
4,8,0.3592105263157895,0.13228901970218174,0.25877192982456143,0.7105263157894737,0.25877192982456143,27,30.75,3,4.125,7,7.575,12.95,10,0.00012111663818359375,0.007127523422241211,5,fec_simple_farthest_point,0.2
5,7,0.3341008771929824,0.11595419362505474,0.25877192982456143,0.706140350877193,0.25877192982456143,27,32.625,3,3.875,7,7.5,12.45,10,0.00015807151794433594,0.006273746490478516,5,fec_simple_farthest_point,0.2
