gen,invalid,avg,std,min,max,fitness_test,best_ind_length,avg_length,best_ind_nodes,avg_nodes,best_ind_depth,avg_depth,avg_used_codons,best_ind_used_codons,selection_time,generation_time,run,mode,sample_fraction
0,0,0.47560307017543857,0.13145067532309532,0.29385964912280704,0.6929824561403508,,19,22.3125,4,4.875,7,6.25,15.0,13,0.0,0.0042645931243896484,2,fec_simple_farthest_point,0.1
1,16,0.3814418859649123,0.12190045820770196,0.26754385964912286,0.7236842105263157,0.26754385964912286,16,17.4375,3,3.09375,7,6.03125,9.71875,10,0.00012445449829101562,0.006161212921142578,2,fec_simple_farthest_point,0.1
2,21,0.3821271929824561,0.1463795255786069,0.26754385964912286,0.7236842105263157,0.26754385964912286,16,21.291666666666668,3,3.4583333333333335,7,6.875,11.041666666666666,10,0.00012111663818359375,0.004931926727294922,2,fec_simple_farthest_point,0.1
3,16,0.3401559454191033,0.11595163918708959,0.26754385964912286,0.6973684210526316,0.26754385964912286,16,23.074074074074073,3,4.333333333333333,7,7.592592592592593,13.444444444444445,10,0.00010967254638671875,0.004551410675048828,2,fec_simple_farthest_point,0.1
4,18,0.323805202661827,0.11205804548580657,0.26754385964912286,0.706140350877193,0.26754385964912286,16,20.03448275862069,3,2.9310344827586206,7,6.758620689655173,9.586206896551724,10,0.00010442733764648438,0.004347801208496094,2,fec_simple_farthest_point,0.1
5,10,0.36339009287925694,0.16173286448651875,0.26754385964912286,0.7324561403508771,0.26754385964912286,16,20.264705882352942,3,3.0,7,6.794117647058823,9.558823529411764,10,0.0001251697540283203,0.004505157470703125,2,fec_simple_farthest_point,0.1
