gen,invalid,avg,std,min,max,fitness_test,best_ind_length,avg_length,best_ind_nodes,avg_nodes,best_ind_depth,avg_depth,avg_used_codons,best_ind_used_codons,selection_time,generation_time,run,mode,sample_fraction
0,0,0.4579463364293086,0.14916877534323097,0.2894736842105263,0.7105263157894737,,19,24.88235294117647,4,5.470588235294118,7,6.235294117647059,16.647058823529413,13,0.0,0.0041656494140625,3,fec_simple_stratified,0.3
1,22,0.43896198830409344,0.15887607579624807,0.2894736842105263,0.7105263157894737,0.2894736842105263,19,30.625,4,5.166666666666667,7,6.5,15.541666666666666,13,0.00011157989501953125,0.007193803787231445,3,fec_simple_stratified,0.3
2,20,0.34952766531713897,0.115266174976286,0.2763157894736842,0.7105263157894737,0.2763157894736842,16,31.76923076923077,3,5.230769230769231,7,6.730769230769231,16.076923076923077,10,9.942054748535156e-05,0.006354570388793945,3,fec_simple_stratified,0.3
3,23,0.38998538011695905,0.13845876379722127,0.2763157894736842,0.6842105263157895,0.2763157894736842,16,32.541666666666664,3,4.666666666666667,7,6.958333333333333,14.5,10,0.00010895729064941406,0.006434202194213867,3,fec_simple_stratified,0.3
4,19,0.3499697519661223,0.12492437991530551,0.2763157894736842,0.7192982456140351,0.2763157894736842,16,25.75862068965517,3,4.103448275862069,7,7.103448275862069,12.758620689655173,10,0.0001239776611328125,0.005939006805419922,3,fec_simple_stratified,0.3
5,15,0.37225877192982454,0.13924898974210986,0.2763157894736842,0.7192982456140351,0.2763157894736842,16,29.9375,3,3.84375,7,7.34375,12.09375,10,0.00011467933654785156,0.005899906158447266,3,fec_simple_stratified,0.3
