gen,invalid,avg,std,min,max,fitness_test,best_ind_length,avg_length,best_ind_nodes,avg_nodes,best_ind_depth,avg_depth,avg_used_codons,best_ind_used_codons,selection_time,generation_time,run,mode,sample_fraction
0,0,0.5259502923976608,0.15757417847227814,0.24122807017543857,0.7017543859649122,,19,25.583333333333332,4,5.583333333333333,7,6.333333333333333,17.083333333333332,13,0.0,0.004050254821777344,3,fec_simple_stratified,0.2
1,19,0.42136591478696744,0.16301537525342977,0.24122807017543857,0.7324561403508771,0.24122807017543857,19,30.964285714285715,4,6.607142857142857,7,7.321428571428571,19.5,13,0.00011539459228515625,0.008060455322265625,3,fec_simple_stratified,0.2
2,22,0.39392462638076675,0.18207492631829533,0.24122807017543857,0.7412280701754386,0.24122807017543857,19,31.74074074074074,4,7.037037037037037,7,8.0,20.0,13,9.846687316894531e-05,0.007803678512573242,3,fec_simple_stratified,0.2
3,10,0.3335913312693498,0.13085862850883614,0.24122807017543857,0.7631578947368421,0.24122807017543857,19,33.5,4,6.235294117647059,7,7.823529411764706,18.58823529411765,13,0.00011372566223144531,0.008769512176513672,3,fec_simple_stratified,0.2
4,20,0.35405323653962495,0.154934167666255,0.24122807017543857,0.7543859649122807,0.24122807017543857,19,30.96551724137931,4,6.0,7,7.586206896551724,16.79310344827586,13,0.00011682510375976562,0.007482767105102539,3,fec_simple_stratified,0.2
5,13,0.3823308270676692,0.17074062449225344,0.24122807017543857,0.7456140350877193,0.24122807017543857,19,39.31428571428572,4,6.542857142857143,7,8.142857142857142,19.314285714285713,13,0.00013136863708496094,0.008278131484985352,3,fec_simple_stratified,0.2
