gen,invalid,avg,std,min,max,fitness_test,best_ind_length,avg_length,best_ind_nodes,avg_nodes,best_ind_depth,avg_depth,avg_used_codons,best_ind_used_codons,selection_time,generation_time,run,mode,sample_fraction
0,0,0.5005847953216375,0.16740270428317477,0.26315789473684215,0.7149122807017544,,19,17.266666666666666,4,3.933333333333333,7,5.133333333333334,11.6,13,0.0,0.003551483154296875,3,fec_simple_farthest_point,0.3
1,25,0.4344298245614036,0.15937099230623322,0.26315789473684215,0.7236842105263157,0.26315789473684215,19,22.25,4,4.05,7,5.5,11.85,13,0.0001068115234375,0.0057485103607177734,3,fec_simple_farthest_point,0.3
2,17,0.34746588693957114,0.13163488811562435,0.25877192982456143,0.7412280701754386,0.25877192982456143,28,24.88888888888889,7,3.4814814814814814,9,6.296296296296297,10.925925925925926,22,0.00010180473327636719,0.0055599212646484375,3,fec_simple_farthest_point,0.3
3,18,0.36105889724310775,0.15310568978637198,0.25877192982456143,0.7324561403508771,0.25877192982456143,28,27.75,7,4.392857142857143,9,7.285714285714286,13.714285714285714,22,0.0001239776611328125,0.005962848663330078,3,fec_simple_farthest_point,0.3
4,16,0.33287961282516637,0.11297934221491975,0.23245614035087714,0.706140350877193,0.23245614035087714,15,28.724137931034484,3,4.482758620689655,7,7.620689655172414,14.275862068965518,10,0.00011658668518066406,0.006225109100341797,3,fec_simple_farthest_point,0.3
5,16,0.33333333333333337,0.13369101665687622,0.23245614035087714,0.7412280701754386,0.23245614035087714,15,31.53125,3,5.3125,7,7.90625,15.84375,10,0.0001232624053955078,0.006236553192138672,3,fec_simple_farthest_point,0.3
