gen,invalid,avg,std,min,max,fitness_test,best_ind_length,avg_length,best_ind_nodes,avg_nodes,best_ind_depth,avg_depth,avg_used_codons,best_ind_used_codons,selection_time,generation_time,run,mode,sample_fraction
0,0,0.41569200779727095,0.1262531280334524,0.2850877192982456,0.6666666666666667,,22,22.77777777777778,5,5.0,7,6.222222222222222,15.333333333333334,15,0.0,0.00426173210144043,5,fec_simple_farthest_point,0.1
1,27,0.3879142300194932,0.1255372352929115,0.27192982456140347,0.706140350877193,0.27192982456140347,10,16.72222222222222,2,2.9444444444444446,6,5.5,8.833333333333334,7,0.00013327598571777344,0.0061414241790771484,5,fec_simple_farthest_point,0.1
2,13,0.4567853457172343,0.18469863937078304,0.27192982456140347,0.7280701754385965,0.27192982456140347,10,15.294117647058824,2,2.676470588235294,6,5.617647058823529,8.029411764705882,7,0.00011348724365234375,0.004957437515258789,5,fec_simple_farthest_point,0.1
3,13,0.3750707413695529,0.1472588616032721,0.27192982456140347,0.7280701754385965,0.27192982456140347,10,12.806451612903226,2,2.0,6,5.354838709677419,6.354838709677419,7,0.00012087821960449219,0.003997325897216797,5,fec_simple_farthest_point,0.1
4,11,0.3763440860215054,0.16355637179814908,0.27192982456140347,0.7280701754385965,0.27192982456140347,10,12.709677419354838,2,2.032258064516129,6,5.612903225806452,6.67741935483871,7,0.00011730194091796875,0.003464937210083008,5,fec_simple_farthest_point,0.1
5,14,0.38500548245614036,0.1854553231118683,0.27192982456140347,0.7280701754385965,0.27192982456140347,10,12.65625,2,2.125,6,5.78125,6.9375,7,0.00010991096496582031,0.003337383270263672,5,fec_simple_farthest_point,0.1
