gen,invalid,avg,std,min,max,fitness_test,best_ind_length,avg_length,best_ind_nodes,avg_nodes,best_ind_depth,avg_depth,avg_used_codons,best_ind_used_codons,selection_time,generation_time,run,mode,sample_fraction
0,0,0.4794050343249428,0.1515342931083597,0.2763157894736842,0.6973684210526316,,30,24.17391304347826,6,5.304347826086956,7,6.217391304347826,16.26086956521739,20,0.0,0.004562854766845703,2,fec_simple_farthest_point,0.3
1,26,0.37280701754385964,0.12741125319579114,0.2763157894736842,0.6973684210526316,0.2763157894736842,30,32.166666666666664,6,5.833333333333333,7,7.0,18.055555555555557,20,0.00010848045349121094,0.006850004196166992,2,fec_simple_farthest_point,0.3
2,20,0.40709728867623607,0.15751014411801414,0.2763157894736842,0.7149122807017544,0.2763157894736842,30,41.13636363636363,6,8.318181818181818,7,8.090909090909092,25.181818181818183,20,0.00011587142944335938,0.008086681365966797,2,fec_simple_farthest_point,0.3
3,14,0.41898148148148145,0.16449637956187632,0.27192982456140347,0.7236842105263157,0.27192982456140347,56,40.111111111111114,10,7.583333333333333,11,8.277777777777779,23.333333333333332,31,0.000110626220703125,0.009384632110595703,2,fec_simple_farthest_point,0.3
4,16,0.3991228070175439,0.15052312724100106,0.27192982456140347,0.7280701754385965,0.27192982456140347,56,41.5625,10,7.9375,11,9.125,24.46875,31,0.00012755393981933594,0.008707523345947266,2,fec_simple_farthest_point,0.3
5,11,0.4191520467836257,0.1630442104305019,0.25877192982456143,0.7236842105263157,0.25877192982456143,70,48.63333333333333,10,8.266666666666667,11,9.2,24.966666666666665,31,0.00014638900756835938,0.010294675827026367,2,fec_simple_farthest_point,0.3
