gen,invalid,avg,std,min,max,fitness_test,best_ind_length,avg_length,best_ind_nodes,avg_nodes,best_ind_depth,avg_depth,avg_used_codons,best_ind_used_codons,selection_time,generation_time,run,mode,sample_fraction
0,0,0.5234778121775027,0.19118534885356364,0.2763157894736842,0.7456140350877193,,18,23.823529411764707,4,5.176470588235294,6,6.176470588235294,15.941176470588236,12,0.0,0.004199504852294922,5,fec_simple_farthest_point,0.3
1,22,0.4014035087719299,0.16898261642470688,0.2763157894736842,0.736842105263158,0.2763157894736842,18,25.48,4,4.84,6,6.8,14.64,12,0.00011873245239257812,0.006398439407348633,5,fec_simple_farthest_point,0.3
2,16,0.31652046783625737,0.0690245848781577,0.2543859649122807,0.4736842105263158,0.2543859649122807,21,31.3,6,5.666666666666667,8,7.3,17.333333333333332,18,0.0001049041748046875,0.006987571716308594,5,fec_simple_farthest_point,0.3
3,24,0.3078947368421053,0.11448628686424879,0.2543859649122807,0.7192982456140351,0.2543859649122807,21,30.4,6,5.3,8,7.35,16.3,18,0.0001232624053955078,0.006318807601928711,5,fec_simple_farthest_point,0.3
4,19,0.35130164119977364,0.14551442972509804,0.2543859649122807,0.7192982456140351,0.2543859649122807,21,32.064516129032256,6,5.354838709677419,8,7.354838709677419,15.580645161290322,18,0.0001380443572998047,0.007398843765258789,5,fec_simple_farthest_point,0.3
5,15,0.3717750257997936,0.1691000822139512,0.24561403508771928,0.736842105263158,0.24561403508771928,23,38.794117647058826,5,5.705882352941177,7,7.676470588235294,16.823529411764707,15,0.00013446807861328125,0.0075376033782958984,5,fec_simple_farthest_point,0.3
