gen,invalid,avg,std,min,max,fitness_test,best_ind_length,avg_length,best_ind_nodes,avg_nodes,best_ind_depth,avg_depth,avg_used_codons,best_ind_used_codons,selection_time,generation_time,run,mode,sample_fraction
0,0,0.48991228070175435,0.17426195332878155,0.3026315789473685,0.706140350877193,,36,36.7,8,8.1,7,7.0,24.5,24,0.0,0.004033803939819336,3,fec_simple_farthest_point,0.1
1,20,0.40253411306042886,0.1484684134450652,0.29385964912280704,0.706140350877193,0.29385964912280704,41,40.370370370370374,6,7.703703703703703,7,7.37037037037037,22.77777777777778,18,0.00011491775512695312,0.00941014289855957,3,fec_simple_farthest_point,0.1
2,15,0.35753176043557167,0.08508304701542528,0.2894736842105263,0.6008771929824561,0.2894736842105263,43,47.758620689655174,8,7.689655172413793,7,7.689655172413793,22.862068965517242,24,9.989738464355469e-05,0.009162425994873047,3,fec_simple_farthest_point,0.1
3,8,0.35366826156299835,0.11349100452507413,0.2807017543859649,0.6929824561403508,0.2807017543859649,58,55.81818181818182,10,9.030303030303031,9,8.272727272727273,26.333333333333332,30,0.00012135505676269531,0.011440515518188477,3,fec_simple_farthest_point,0.1
4,11,0.3896198830409356,0.1528686878014364,0.26315789473684215,0.7017543859649122,0.26315789473684215,66,59.266666666666666,17,9.166666666666666,10,8.1,26.1,46,0.0001430511474609375,0.011623620986938477,3,fec_simple_farthest_point,0.1
5,13,0.38233082706766924,0.13679906508687076,0.26315789473684215,0.6973684210526316,0.26315789473684215,66,70.62857142857143,17,10.6,10,8.857142857142858,29.62857142857143,46,0.00013065338134765625,0.012802362442016602,3,fec_simple_farthest_point,0.1
