gen,invalid,avg,std,min,max,fitness_test,best_ind_length,avg_length,best_ind_nodes,avg_nodes,best_ind_depth,avg_depth,avg_used_codons,best_ind_used_codons,selection_time,generation_time,run,mode,sample_fraction
0,0,0.47012061403508776,0.15158743375404699,0.2894736842105263,0.7280701754385965,,36,23.625,8,5.1875,7,6.25,15.875,24,0.0,0.003963947296142578,4,fec_simple_stratified,0.1
1,25,0.4136762360446571,0.15000201904376928,0.2894736842105263,0.7456140350877193,0.2894736842105263,36,33.04545454545455,8,6.590909090909091,7,6.818181818181818,19.727272727272727,24,0.0001227855682373047,0.00770258903503418,4,fec_simple_stratified,0.1
2,14,0.4316305469556243,0.1748639894987126,0.2894736842105263,0.7675438596491229,0.2894736842105263,36,42.411764705882355,8,8.676470588235293,7,7.9411764705882355,25.558823529411764,24,0.00010752677917480469,0.009072303771972656,4,fec_simple_stratified,0.1
3,17,0.46477521929824556,0.1876233447500103,0.23684210526315785,0.75,0.23684210526315785,36,47.96875,8,10.0,9,8.6875,29.375,24,0.00011920928955078125,0.009640932083129883,4,fec_simple_stratified,0.1
4,12,0.42393813481071096,0.17106824607268784,0.23684210526315785,0.7675438596491229,0.23684210526315785,36,45.8421052631579,8,9.447368421052632,9,8.736842105263158,27.81578947368421,24,0.0001285076141357422,0.010563850402832031,4,fec_simple_stratified,0.1
5,19,0.44524617996604415,0.1785827168649097,0.23684210526315785,0.7587719298245614,0.23684210526315785,36,44.516129032258064,8,8.419354838709678,9,8.483870967741936,24.774193548387096,24,0.0001361370086669922,0.009739160537719727,4,fec_simple_stratified,0.1
