gen,invalid,avg,std,min,max,fitness_test,best_ind_length,avg_length,best_ind_nodes,avg_nodes,best_ind_depth,avg_depth,avg_used_codons,best_ind_used_codons,selection_time,generation_time,run,mode,sample_fraction
0,0,0.5503095975232197,0.1429005828310994,0.25877192982456143,0.706140350877193,,21,27.176470588235293,4,6.0,7,6.823529411764706,18.176470588235293,14,0.0,0.00500178337097168,1,fec_simple_farthest_point,0.3
1,24,0.4815026697177727,0.15234634812774375,0.25877192982456143,0.7105263157894737,0.25877192982456143,21,28.043478260869566,4,5.304347826086956,7,6.869565217391305,16.391304347826086,14,0.00011157989501953125,0.006847381591796875,1,fec_simple_farthest_point,0.3
2,20,0.418311403508772,0.14206968196252573,0.25877192982456143,0.706140350877193,0.25877192982456143,21,32.708333333333336,4,5.666666666666667,7,7.041666666666667,16.75,14,0.00010752677917480469,0.0071582794189453125,1,fec_simple_farthest_point,0.3
3,13,0.35859044162129466,0.12478771294754569,0.25877192982456143,0.706140350877193,0.25877192982456143,21,35.86206896551724,4,6.137931034482759,7,7.551724137931035,18.344827586206897,14,0.0001125335693359375,0.00780034065246582,1,fec_simple_farthest_point,0.3
4,17,0.3425925925925926,0.11694281888476135,0.25877192982456143,0.706140350877193,0.25877192982456143,21,42.74074074074074,4,7.555555555555555,7,8.148148148148149,21.74074074074074,14,0.00011420249938964844,0.008356094360351562,1,fec_simple_farthest_point,0.3
5,14,0.3411458333333333,0.12611905964609516,0.25,0.7105263157894737,0.25,42,45.21875,4,6.71875,7,8.0,20.0625,14,0.00013947486877441406,0.008283853530883789,1,fec_simple_farthest_point,0.3
