gen,invalid,avg,std,min,max,fitness_test,best_ind_length,avg_length,best_ind_nodes,avg_nodes,best_ind_depth,avg_depth,avg_used_codons,best_ind_used_codons,selection_time,generation_time,run,mode,sample_fraction
0,0,0.43347953216374274,0.1256948642499226,0.3026315789473685,0.6929824561403508,,36,22.666666666666668,8,4.916666666666667,7,6.333333333333333,15.166666666666666,24,0.0,0.0037779808044433594,2,fec_simple_stratified,0.2
1,20,0.4236842105263158,0.15168084619114547,0.3026315789473685,0.6973684210526316,0.3026315789473685,36,30.16,8,5.92,7,7.32,18.32,24,0.0001125335693359375,0.00693058967590332,2,fec_simple_stratified,0.2
2,20,0.38693957115009747,0.1332647761003515,0.29824561403508776,0.7236842105263157,0.29824561403508776,32,37.888888888888886,9,7.814814814814815,8,7.555555555555555,22.85185185185185,27,9.965896606445312e-05,0.007569313049316406,2,fec_simple_stratified,0.2
3,18,0.3803258145363408,0.13553400643504027,0.2894736842105263,0.7149122807017544,0.2894736842105263,44,40.0,9,7.607142857142857,8,7.535714285714286,22.214285714285715,27,0.00011372566223144531,0.0076236724853515625,2,fec_simple_stratified,0.2
4,16,0.3557947900053163,0.12199147053728614,0.2807017543859649,0.7324561403508771,0.2807017543859649,35,37.121212121212125,6,6.96969696969697,7,7.393939393939394,20.12121212121212,18,0.00010800361633300781,0.007070064544677734,2,fec_simple_stratified,0.2
5,20,0.3587092731829574,0.12216398256725253,0.2543859649122807,0.7105263157894737,0.2543859649122807,46,38.892857142857146,4,8.285714285714286,7,7.892857142857143,22.857142857142858,14,0.00012755393981933594,0.0076677799224853516,2,fec_simple_stratified,0.2
