gen,invalid,avg,std,min,max,fitness_test,best_ind_length,avg_length,best_ind_nodes,avg_nodes,best_ind_depth,avg_depth,avg_used_codons,best_ind_used_codons,selection_time,generation_time,run,mode,sample_fraction
0,0,0.5484892787524367,0.14353920163912862,0.3070175438596491,0.7192982456140351,,4,25.666666666666668,1,5.722222222222222,4,6.166666666666667,17.166666666666668,3,0.0,0.0044896602630615234,1,fec_simple_farthest_point,0.1
1,17,0.39350877192982453,0.12299184087124944,0.3070175438596491,0.6885964912280702,0.3070175438596491,4,19.6,1,3.84,4,5.36,11.24,3,0.0001251697540283203,0.005118131637573242,1,fec_simple_farthest_point,0.1
2,12,0.3654970760233918,0.12432346014803579,0.3070175438596491,0.6929824561403508,0.3070175438596491,4,16.59259259259259,1,2.740740740740741,4,4.925925925925926,8.0,3,9.751319885253906e-05,0.0038421154022216797,1,fec_simple_farthest_point,0.1
3,7,0.3070175438596491,0.0,0.3070175438596491,0.3070175438596491,0.3070175438596491,4,14.482758620689655,1,1.0,4,4.0,3.0,3,0.00011134147644042969,0.0027933120727539062,1,fec_simple_farthest_point,0.1
4,4,0.3163243474540008,0.05886139418798654,0.3070175438596491,0.6885964912280702,0.3070175438596491,4,15.170731707317072,1,1.024390243902439,4,4.024390243902439,3.073170731707317,3,0.00012564659118652344,0.0026035308837890625,1,fec_simple_farthest_point,0.1
5,4,0.3135964912280701,0.03779317530617124,0.3070175438596491,0.5307017543859649,0.3070175438596491,4,16.61764705882353,1,1.0,4,4.0,3.0,3,0.00010943412780761719,0.002920389175415039,1,fec_simple_farthest_point,0.1
