gen,invalid,avg,std,min,max,fitness_test,best_ind_length,avg_length,best_ind_nodes,avg_nodes,best_ind_depth,avg_depth,avg_used_codons,best_ind_used_codons,selection_time,generation_time,run,mode,sample_fraction
0,0,0.5979532163742689,0.12318932416924501,0.3070175438596491,0.7149122807017544,,3,19.8,1,4.4,3,5.866666666666666,13.333333333333334,2,0.0,0.0039119720458984375,2,fec_simple_stratified,0.3
1,14,0.45188729399255706,0.15430788000614631,0.29385964912280704,0.7105263157894737,0.29385964912280704,35,17.727272727272727,7,3.515151515151515,7,5.363636363636363,10.393939393939394,21,0.0001049041748046875,0.0065190792083740234,2,fec_simple_stratified,0.3
2,11,0.30419799498746863,0.008139336501733421,0.26754385964912286,0.3070175438596491,0.26754385964912286,35,13.642857142857142,7,1.8571428571428572,7,3.607142857142857,4.714285714285714,21,0.00011229515075683594,0.0037870407104492188,2,fec_simple_stratified,0.3
3,8,0.3583089668615984,0.14128367624673865,0.26754385964912286,0.7236842105263157,0.26754385964912286,35,26.194444444444443,7,3.9444444444444446,7,5.138888888888889,10.88888888888889,21,0.00012111663818359375,0.005762577056884766,2,fec_simple_stratified,0.3
4,12,0.37850877192982463,0.15602840293293263,0.26754385964912286,0.7105263157894737,0.26754385964912286,35,35.4,7,4.933333333333334,7,5.966666666666667,13.966666666666667,21,0.00011324882507324219,0.006453037261962891,2,fec_simple_stratified,0.3
5,9,0.3660502607871029,0.1438905622086098,0.26754385964912286,0.7236842105263157,0.26754385964912286,35,33.513513513513516,7,5.45945945945946,7,6.405405405405405,15.702702702702704,21,0.0001125335693359375,0.007474660873413086,2,fec_simple_stratified,0.3
