gen,invalid,avg,std,min,max,fitness_test,best_ind_length,avg_length,best_ind_nodes,avg_nodes,best_ind_depth,avg_depth,avg_used_codons,best_ind_used_codons,selection_time,generation_time,run,mode,sample_fraction
0,0,0.47328548644338125,0.13501565199821106,0.29385964912280704,0.7017543859649122,,36,22.545454545454547,8,5.0,7,5.909090909090909,15.136363636363637,24,0.0,0.004307985305786133,3,fec_simple_farthest_point,0.2
1,19,0.4110275689223058,0.13271676557030412,0.2850877192982456,0.706140350877193,0.2850877192982456,19,28.714285714285715,5,5.25,7,6.25,15.357142857142858,15,0.00011038780212402344,0.006670475006103516,3,fec_simple_farthest_point,0.2
2,11,0.39459978070175433,0.15241024695333125,0.2543859649122807,0.7456140350877193,0.2543859649122807,19,27.0,5,4.65625,7,6.375,13.625,15,0.0001010894775390625,0.005838155746459961,3,fec_simple_farthest_point,0.2
3,16,0.40707236842105265,0.14646856399358385,0.2543859649122807,0.7412280701754386,0.2543859649122807,19,30.25,5,6.03125,7,7.21875,17.78125,15,0.00011706352233886719,0.006925344467163086,3,fec_simple_farthest_point,0.2
4,20,0.45259784075573545,0.17971351707351643,0.25,0.7280701754385965,0.25,15,31.26923076923077,3,6.230769230769231,6,7.423076923076923,17.53846153846154,9,0.00011658668518066406,0.006824493408203125,3,fec_simple_farthest_point,0.2
5,10,0.37442289935364725,0.15117076250417363,0.25,0.6929824561403508,0.25,15,30.07894736842105,3,5.605263157894737,6,7.2105263157894735,16.289473684210527,9,0.00013017654418945312,0.006677389144897461,3,fec_simple_farthest_point,0.2
