run,mode,sample_fraction,final_test_mae,final_test_accuracy,total_time_sec,total_time_fair_sec,total_wall_time_sec,fake_eval_time_sec,hits,misses,hit_rate_overall,fake_hits,fake_hit_ratio
7,fec_simple_stratified,0.2,0.20238095238095233,0.7976190476190477,1.5401191711425781,1.2406190691544907,1.6662275839989888,0.2995001019880874,11687.0,528.0,0.9567744576340564,366,0.031316847779584156
