run,mode,sample_fraction,final_test_mae,final_test_accuracy,total_time_sec,total_time_fair_sec,total_wall_time_sec,fake_eval_time_sec,hits,misses,hit_rate_overall,fake_hits,fake_hit_ratio
4,fec_simple_stratified,0.1,0.23809523809523814,0.7619047619047619,1.9004628658294678,1.515190456302662,2.0240809729948523,0.38527240952680586,11580.0,227.0,0.9807741170492081,5227,0.45138169257340244
