run,mode,sample_fraction,final_test_mae,final_test_accuracy,total_time_sec,total_time_fair_sec,total_wall_time_sec,fake_eval_time_sec,hits,misses,hit_rate_overall,fake_hits,fake_hit_ratio
5,fec_simple_stratified,0.4,0.2142857142857143,0.7857142857142857,1.7957470417022705,1.4753846517050988,1.9140220949993818,0.3203623899971717,10715.0,1208.0,0.8986832173110795,1137,0.10611292580494634
