run,mode,sample_fraction,final_test_mae,final_test_accuracy,total_time_sec,total_time_fair_sec,total_wall_time_sec,fake_eval_time_sec,hits,misses,hit_rate_overall,fake_hits,fake_hit_ratio
8,fec_simple_stratified,0.4,0.15476190476190477,0.8452380952380952,2.1445581912994385,1.7801697484901524,2.269329946997459,0.36438844280928606,10541.0,1586.0,0.8692174486682609,285,0.02703728299022863
