run,mode,sample_fraction,final_test_mae,final_test_accuracy,total_time_sec,total_time_fair_sec,total_wall_time_sec,fake_eval_time_sec,hits,misses,hit_rate_overall,fake_hits,fake_hit_ratio
6,fec_simple_stratified,0.4,0.1785714285714286,0.8214285714285714,1.8975472450256348,1.545451921861968,2.0204300100012915,0.35209532316366676,10967.0,1089.0,0.9096715328467153,323,0.029451992340658338
