run,mode,sample_fraction,final_test_mae,final_test_accuracy,total_time_sec,total_time_fair_sec,total_wall_time_sec,fake_eval_time_sec,hits,misses,hit_rate_overall,fake_hits,fake_hit_ratio
2,fec_simple_stratified,0.3,0.20238095238095233,0.7976190476190477,2.0639827251434326,1.701214324857574,2.203140250996512,0.36276840028585866,10453.0,1310.0,0.8886338519085267,2149,0.20558691284798622
