run,mode,sample_fraction,final_test_mae,final_test_accuracy,total_time_sec,total_time_fair_sec,total_wall_time_sec,fake_eval_time_sec,hits,misses,hit_rate_overall,fake_hits,fake_hit_ratio
6,fec_simple_stratified,0.3,0.19047619047619047,0.8095238095238095,2.5425782203674316,2.0898231344181113,2.714888130001782,0.45275508594932035,10345.0,1277.0,0.8901221820684908,1136,0.10981150314161431
