run,mode,sample_fraction,final_test_mae,final_test_accuracy,total_time_sec,total_time_fair_sec,total_wall_time_sec,fake_eval_time_sec,hits,misses,hit_rate_overall,fake_hits,fake_hit_ratio
4,fec_simple_stratified,0.2,0.15476190476190477,0.8452380952380952,1.6657111644744873,1.3434816247608978,1.7775162879988784,0.3222295397135895,11342.0,696.0,0.9421830868915102,1281,0.11294304355492858
