run,mode,sample_fraction,final_test_mae,final_test_accuracy,total_time_sec,total_time_fair_sec,total_wall_time_sec,fake_eval_time_sec,hits,misses,hit_rate_overall,fake_hits,fake_hit_ratio
10,fec_simple_stratified,0.3,0.20238095238095233,0.7976190476190477,1.5659847259521484,1.2785123009743984,1.6783351949998178,0.28747242497775005,11481.0,710.0,0.9417603149864654,824,0.07177075167668322
