run,mode,sample_fraction,final_test_mae,final_test_accuracy,total_time_sec,total_time_fair_sec,total_wall_time_sec,fake_eval_time_sec,hits,misses,hit_rate_overall,fake_hits,fake_hit_ratio
8,fec_simple_stratified,0.3,0.19047619047619047,0.8095238095238095,2.1069302558898926,1.7325754690318718,2.2355120990032447,0.3743547868580208,10554.0,1217.0,0.8966103134822869,1418,0.13435664203145728
