run,mode,sample_fraction,final_test_mae,final_test_accuracy,total_time_sec,total_time_fair_sec,total_wall_time_sec,fake_eval_time_sec,hits,misses,hit_rate_overall,fake_hits,fake_hit_ratio
7,fec_simple_stratified,0.3,0.16666666666666663,0.8333333333333334,1.8538281917572021,1.5175287373858737,1.9742228670002078,0.33629945437132847,10767.0,1038.0,0.9120711562897077,606,0.05628308721092226
