run,mode,sample_fraction,final_test_mae,final_test_accuracy,total_time_sec,total_time_fair_sec,total_wall_time_sec,fake_eval_time_sec,hits,misses,hit_rate_overall,fake_hits,fake_hit_ratio
10,fec_simple_stratified,0.4,0.1785714285714286,0.8214285714285714,1.923656940460205,1.5797346988038043,2.0434792400046717,0.34392224165640073,10702.0,1244.0,0.8958647245940063,368,0.03438609605681181
