gen,invalid,avg,std,min,max,fitness_test,best_ind_length,avg_length,best_ind_nodes,avg_nodes,best_ind_depth,avg_depth,avg_used_codons,best_ind_used_codons,selection_time,generation_time,run,mode,sample_fraction
0,0,0.531578947368421,0.15927112889741343,0.2894736842105263,0.706140350877193,,9,22.4,2,5.066666666666666,5,5.8,15.0,6,0.0,0.002927541732788086,2,baseline_simple,1.0
1,22,0.3931419457735247,0.13341059950737197,0.2894736842105263,0.706140350877193,0.2931034482758621,9,24.318181818181817,2,3.9545454545454546,5,5.363636363636363,11.181818181818182,6,0.00011205673217773438,0.005396842956542969,2,baseline_simple,1.0
2,12,0.38080495356037153,0.13797029127301763,0.2807017543859649,0.7236842105263157,0.31034482758620685,12,27.235294117647058,3,4.264705882352941,6,5.970588235294118,12.441176470588236,9,0.00012350082397460938,0.005237102508544922,2,baseline_simple,1.0
3,10,0.42330488383119963,0.1637545416817867,0.2807017543859649,0.7236842105263157,0.31034482758620685,12,25.216216216216218,3,3.945945945945946,6,5.891891891891892,11.027027027027026,9,0.0001201629638671875,0.0050182342529296875,2,baseline_simple,1.0
4,12,0.4245614035087719,0.16118747119611235,0.2807017543859649,0.7236842105263157,0.31034482758620685,12,29.97142857142857,3,3.4,6,5.771428571428571,9.771428571428572,9,0.00013208389282226562,0.004845619201660156,2,baseline_simple,1.0
5,11,0.40813181602655285,0.15823335071119857,0.2807017543859649,0.706140350877193,0.31034482758620685,12,27.945945945945947,3,3.7837837837837838,6,6.054054054054054,10.405405405405405,9,0.00011849403381347656,0.0050716400146484375,2,baseline_simple,1.0
