gen,invalid,avg,std,min,max,fitness_test,best_ind_length,avg_length,best_ind_nodes,avg_nodes,best_ind_depth,avg_depth,avg_used_codons,best_ind_used_codons,selection_time,generation_time,run,mode,sample_fraction
0,0,0.5283625730994153,0.15098482040008251,0.3157894736842105,0.7280701754385965,,36,27.4,8,5.933333333333334,7,6.466666666666667,18.333333333333332,24,0.0,0.0028715133666992188,3,baseline_simple,1.0
1,21,0.48298245614035096,0.1546713868799262,0.3026315789473685,0.7149122807017544,0.27586206896551724,31,33.6,6,6.64,7,6.84,19.8,21,0.00013303756713867188,0.008389472961425781,3,baseline_simple,1.0
2,22,0.3728070175438596,0.12166965921652811,0.29824561403508776,0.6973684210526316,0.27586206896551724,45,39.81818181818182,6,7.181818181818182,7,7.681818181818182,22.136363636363637,21,0.00012135505676269531,0.008164167404174805,3,baseline_simple,1.0
3,26,0.3651892890120037,0.1320922743463392,0.2894736842105263,0.7017543859649122,0.31034482758620685,23,39.473684210526315,4,6.052631578947368,8,7.7368421052631575,18.05263157894737,13,0.00012445449829101562,0.008220195770263672,3,baseline_simple,1.0
4,17,0.36528822055137844,0.14312757457466696,0.27192982456140347,0.706140350877193,0.3275862068965517,35,35.714285714285715,2,5.25,6,7.964285714285714,15.678571428571429,7,0.00015807151794433594,0.007094144821166992,3,baseline_simple,1.0
5,14,0.3056884635832004,0.07841753843251302,0.27192982456140347,0.706140350877193,0.3275862068965517,35,37.45454545454545,2,5.151515151515151,6,8.030303030303031,14.757575757575758,7,0.00011682510375976562,0.008401632308959961,3,baseline_simple,1.0
