gen,invalid,avg,std,min,max,fitness_test,best_ind_length,avg_length,best_ind_nodes,avg_nodes,best_ind_depth,avg_depth,avg_used_codons,best_ind_used_codons,selection_time,generation_time,run,mode,sample_fraction
0,0,0.4974200206398349,0.16259806932492646,0.2807017543859649,0.7149122807017544,,18,22.88235294117647,4,5.0,6,6.470588235294118,15.352941176470589,12,0.0,0.005080223083496094,1,baseline_simple,1.0
1,24,0.4082456140350878,0.14033399021215162,0.27192982456140347,0.7149122807017544,0.31034482758620685,28,27.6,8,5.36,7,6.36,15.72,25,9.965896606445312e-05,0.010532855987548828,1,baseline_simple,1.0
2,17,0.37556855100714753,0.11779155569231656,0.27192982456140347,0.6973684210526316,0.31034482758620685,28,31.40740740740741,8,5.703703703703703,7,6.814814814814815,17.037037037037038,25,8.463859558105469e-05,0.00726628303527832,1,baseline_simple,1.0
3,22,0.38092105263157894,0.12928761501443936,0.27192982456140347,0.6929824561403508,0.31034482758620685,28,30.25,8,6.9,7,7.15,19.8,25,7.700920104980469e-05,0.010094165802001953,1,baseline_simple,1.0
4,20,0.39491228070175444,0.17186930549619717,0.25,0.706140350877193,0.24137931034482762,35,30.88,7,7.2,7,7.2,21.44,22,8.511543273925781e-05,0.007443428039550781,1,baseline_simple,1.0
5,21,0.38100686498855835,0.15595632087590142,0.25,0.7456140350877193,0.24137931034482762,35,34.82608695652174,7,6.739130434782608,7,7.043478260869565,20.08695652173913,22,7.033348083496094e-05,0.010309696197509766,1,baseline_simple,1.0
