gen,invalid,avg,std,min,max,fitness_test,best_ind_length,avg_length,best_ind_nodes,avg_nodes,best_ind_depth,avg_depth,avg_used_codons,best_ind_used_codons,selection_time,generation_time,run,mode,sample_fraction
0,0,0.4973196881091617,0.18597237659773835,0.25877192982456143,0.7719298245614035,,22,21.833333333333332,5,4.944444444444445,7,5.611111111111111,14.61111111111111,15,0.0,0.00531315803527832,5,baseline_simple,1.0
1,22,0.4556140350877193,0.18796638927334974,0.25,0.7412280701754386,0.3275862068965517,36,31.48,8,6.04,8,6.8,18.04,24,8.58306884765625e-05,0.00776362419128418,5,baseline_simple,1.0
2,19,0.4254385964912281,0.18982527147617376,0.25,0.7807017543859649,0.3275862068965517,36,35.689655172413794,8,7.655172413793103,8,7.724137931034483,22.275862068965516,24,7.176399230957031e-05,0.01071786880493164,5,baseline_simple,1.0
3,19,0.4667515563101302,0.20192893151432065,0.23684210526315785,0.7412280701754386,0.3448275862068966,49,42.67741935483871,13,7.67741935483871,11,7.806451612903226,22.258064516129032,39,7.939338684082031e-05,0.011384248733520508,5,baseline_simple,1.0
4,8,0.4349415204678363,0.1845506384687906,0.23684210526315785,0.7324561403508771,0.3448275862068966,49,47.80952380952381,13,8.071428571428571,11,8.333333333333334,23.38095238095238,39,7.653236389160156e-05,0.011355161666870117,5,baseline_simple,1.0
5,9,0.3816914080071975,0.16008344320876994,0.23684210526315785,0.736842105263158,0.3448275862068966,49,46.794871794871796,13,8.76923076923077,11,8.76923076923077,25.794871794871796,39,9.012222290039062e-05,0.01188969612121582,5,baseline_simple,1.0
