gen,invalid,avg,std,min,max,fitness_test,best_ind_length,avg_length,best_ind_nodes,avg_nodes,best_ind_depth,avg_depth,avg_used_codons,best_ind_used_codons,selection_time,generation_time,run,mode,sample_fraction
0,0,0.5326206140350876,0.14619126328187063,0.3157894736842105,0.7017543859649122,,18,25.5625,4,5.625,6,6.1875,17.125,12,0.0,0.0029997825622558594,4,baseline_simple,1.0
1,17,0.46472953216374274,0.15145069398806388,0.29824561403508776,0.6973684210526316,0.22413793103448276,24,23.041666666666668,4,4.125,7,6.083333333333333,12.375,12,0.0001239776611328125,0.006349086761474609,4,baseline_simple,1.0
2,18,0.4087719298245614,0.10334757991128801,0.29824561403508776,0.6842105263157895,0.22413793103448276,24,19.833333333333332,4,3.466666666666667,7,5.933333333333334,10.4,12,0.0001068115234375,0.004807472229003906,4,baseline_simple,1.0
3,16,0.40297713981924504,0.11935392487481976,0.2894736842105263,0.6973684210526316,0.24137931034482762,19,22.12121212121212,6,3.8181818181818183,8,6.212121212121212,11.303030303030303,18,0.00012564659118652344,0.005424976348876953,4,baseline_simple,1.0
4,14,0.3769349845201238,0.12015199605100858,0.2894736842105263,0.706140350877193,0.24137931034482762,19,25.794117647058822,6,4.588235294117647,8,6.735294117647059,13.088235294117647,18,0.00012350082397460938,0.005815744400024414,4,baseline_simple,1.0
5,13,0.37418546365914784,0.11463487642180778,0.2894736842105263,0.6842105263157895,0.24137931034482762,19,28.6,6,5.457142857142857,8,7.142857142857143,15.085714285714285,18,0.00013256072998046875,0.0060291290283203125,4,baseline_simple,1.0
