gen,invalid,avg,std,min,max,fitness_test,best_ind_length,avg_length,best_ind_nodes,avg_nodes,best_ind_depth,avg_depth,avg_used_codons,best_ind_used_codons,selection_time,generation_time,run,mode,sample_fraction
0,0,0.5266813186813186,0.10786866922674397,0.4,0.6197802197802198,,4,23.24,1,5.0,4,5.68,15.6,3,0.0,0.008107662200927734,3,fec_simple_stratified,0.3
1,21,0.4902614626752559,0.10749017234773664,0.4,0.6197802197802198,0.4,4,27.620689655172413,1,4.620689655172414,4,6.206896551724138,13.89655172413793,3,0.00011467933654785156,0.010134696960449219,3,fec_simple_stratified,0.3
2,13,0.44698544698544695,0.08950932649501417,0.4,0.6197802197802198,0.4,4,28.486486486486488,1,3.810810810810811,4,5.945945945945946,11.621621621621621,3,0.00010371208190917969,0.009096384048461914,3,fec_simple_stratified,0.3
3,12,0.4231347599768652,0.0674488362619468,0.4,0.6197802197802198,0.4,4,31.842105263157894,1,4.026315789473684,4,6.342105263157895,12.263157894736842,3,0.0007538795471191406,0.013837814331054688,3,fec_simple_stratified,0.3
4,8,0.4418628990057561,0.08630257719764858,0.4,0.6197802197802198,0.4,4,34.80952380952381,1,3.6666666666666665,4,6.142857142857143,11.166666666666666,3,0.0001468658447265625,0.008171319961547852,3,fec_simple_stratified,0.3
5,10,0.45565934065934055,0.10973328094845078,0.4,0.8681318681318682,0.4,4,31.175,1,2.925,4,5.8,9.2,3,0.00014591217041015625,0.007818937301635742,3,fec_simple_stratified,0.3
6,6,0.41998001998002005,0.06318237083253506,0.4,0.6197802197802198,0.4,4,28.977272727272727,1,2.6136363636363638,4,5.75,8.5,3,0.00012874603271484375,0.0074460506439208984,3,fec_simple_stratified,0.3
7,3,0.4187046995557633,0.06132745872622867,0.4,0.6197802197802198,0.4,4,31.574468085106382,1,2.1702127659574466,4,5.404255319148936,7.085106382978723,3,0.0001518726348876953,0.007020235061645508,3,fec_simple_stratified,0.3
8,4,0.4334448160535117,0.07894272165245249,0.4,0.6197802197802198,0.4,4,35.28260869565217,1,2.1739130434782608,4,5.456521739130435,7.108695652173913,3,0.00011610984802246094,0.00683140754699707,3,fec_simple_stratified,0.3
9,2,0.4183150183150183,0.06074404377940292,0.4,0.6197802197802198,0.4,4,32.0625,1,2.0,4,5.395833333333333,6.5,3,0.00013756752014160156,0.007199287414550781,3,fec_simple_stratified,0.3
10,4,0.42866698518872426,0.0740178374812693,0.4,0.6197802197802198,0.4,4,36.45652173913044,1,1.6956521739130435,4,4.891304347826087,5.434782608695652,3,0.00011992454528808594,0.005698442459106445,3,fec_simple_stratified,0.3
