run,mode,sample_fraction,final_test_mae,final_test_accuracy,total_time_sec,total_time_fair_sec,total_wall_time_sec,fake_eval_time_sec,hits,misses,hit_rate_overall,fake_hits,fake_hit_ratio
5,fec_simple_stratified,0.2,0.26754385964912286,0.7324561403508771,0.1620945930480957,0.1400805032462813,0.17770146497059613,0.022014089801814407,431.0,196.0,0.6874003189792663,144,0.33410672853828305
