run,mode,sample_fraction,final_test_mae,final_test_accuracy,total_time_sec,total_time_fair_sec,total_wall_time_sec,fake_eval_time_sec,hits,misses,hit_rate_overall,fake_hits,fake_hit_ratio
5,fec_simple_stratified,0.3,0.24122807017543857,0.7587719298245614,0.16545748710632324,0.14669806527672336,0.18031616101507097,0.018759421829599887,330.0,190.0,0.6346153846153846,62,0.18787878787878787
