run,mode,sample_fraction,final_test_mae,final_test_accuracy,total_time_sec,total_time_fair_sec,total_wall_time_sec,fake_eval_time_sec,hits,misses,hit_rate_overall,fake_hits,fake_hit_ratio
4,fec_simple_stratified,0.1,0.24122807017543857,0.7587719298245614,0.17705154418945312,0.14783338888082653,0.19164946401724592,0.029218155308626592,478.0,127.0,0.7900826446280992,238,0.497907949790795
