run,mode,sample_fraction,final_test_mae,final_test_accuracy,total_time_sec,total_time_fair_sec,total_wall_time_sec,fake_eval_time_sec,hits,misses,hit_rate_overall,fake_hits,fake_hit_ratio
2,fec_simple_stratified,0.3,0.25877192982456143,0.7412280701754386,0.13296866416931152,0.11729001725325361,0.14770996395964175,0.015678646916057914,373.0,189.0,0.6637010676156584,22,0.058981233243967826
