gen,invalid,avg,std,min,max,fitness_test,best_ind_length,avg_length,best_ind_nodes,avg_nodes,best_ind_depth,avg_depth,avg_used_codons,best_ind_used_codons,selection_time,generation_time,run,mode,sample_fraction
0,0,0.5550986842105263,0.14247610358282453,0.3026315789473685,0.7192982456140351,,36,21.8125,8,4.75,7,6.1875,14.625,24,0.0,0.004450082778930664,2,fec_simple_stratified,0.1
1,17,0.4913695529145444,0.12302149933508519,0.3026315789473685,0.6973684210526316,0.3026315789473685,36,24.677419354838708,8,4.580645161290323,7,6.0,13.67741935483871,24,0.0001227855682373047,0.008894920349121094,2,fec_simple_stratified,0.1
2,17,0.45555555555555555,0.13981867908509404,0.2894736842105263,0.7017543859649122,0.2894736842105263,33,35.4,7,6.433333333333334,8,7.233333333333333,18.933333333333334,16,0.00011038780212402344,0.010244607925415039,2,fec_simple_stratified,0.1
3,14,0.45281765018607123,0.1591927504419336,0.2894736842105263,0.7149122807017544,0.2894736842105263,33,36.121212121212125,7,7.151515151515151,8,7.363636363636363,20.242424242424242,16,0.00011944770812988281,0.011178970336914062,2,fec_simple_stratified,0.1
4,12,0.4301708217913205,0.16993735659744197,0.2894736842105263,0.736842105263158,0.2894736842105263,33,41.3421052631579,7,7.552631578947368,8,7.7631578947368425,21.0,16,0.00012922286987304688,0.011994600296020508,2,fec_simple_stratified,0.1
5,6,0.45895989974937346,0.18722134077838817,0.26315789473684215,0.7192982456140351,0.26315789473684215,47,43.333333333333336,8,7.642857142857143,7,8.142857142857142,20.833333333333332,24,0.00013446807861328125,0.013233184814453125,2,fec_simple_stratified,0.1
