gen,invalid,avg,std,min,max,fitness_test,best_ind_length,avg_length,best_ind_nodes,avg_nodes,best_ind_depth,avg_depth,avg_used_codons,best_ind_used_codons,selection_time,generation_time,run,mode,sample_fraction
0,0,0.4748538011695907,0.17710804132421448,0.29824561403508776,0.7192982456140351,,36,24.666666666666668,8,5.4,7,6.0,16.533333333333335,24,0.0,0.004921674728393555,1,fec_simple_stratified,0.1
1,19,0.359324236517219,0.11887997331399647,0.2543859649122807,0.706140350877193,0.2543859649122807,17,27.59259259259259,3,5.0,7,6.037037037037037,15.037037037037036,10,0.00011014938354492188,0.009602069854736328,1,fec_simple_stratified,0.1
2,22,0.3582995951417004,0.13787119338004616,0.2543859649122807,0.7324561403508771,0.2543859649122807,17,39.69230769230769,3,7.461538461538462,7,7.3076923076923075,22.115384615384617,10,0.00010657310485839844,0.01105356216430664,1,fec_simple_stratified,0.1
3,16,0.3344298245614036,0.10987836312377212,0.2543859649122807,0.706140350877193,0.2543859649122807,17,42.035714285714285,3,6.071428571428571,7,7.392857142857143,18.464285714285715,10,0.00014448165893554688,0.009464263916015625,1,fec_simple_stratified,0.1
4,16,0.3445251058681186,0.15396219530574135,0.24561403508771928,0.7324561403508771,0.24561403508771928,51,29.896551724137932,3,4.620689655172414,7,7.310344827586207,14.241379310344827,10,0.00011730194091796875,0.009730815887451172,1,fec_simple_stratified,0.1
5,14,0.2960526315789474,0.09439419603027421,0.24561403508771928,0.706140350877193,0.24561403508771928,51,31.529411764705884,3,3.8529411764705883,7,7.323529411764706,12.117647058823529,10,0.0001308917999267578,0.007683753967285156,1,fec_simple_stratified,0.1
