gen,invalid,avg,std,min,max,fitness_test,best_ind_length,avg_length,best_ind_nodes,avg_nodes,best_ind_depth,avg_depth,avg_used_codons,best_ind_used_codons,selection_time,generation_time,run,mode,sample_fraction
0,0,0.47729618163054705,0.16257145803198372,0.2894736842105263,0.6973684210526316,,19,24.41176470588235,4,5.529411764705882,7,6.235294117647059,16.352941176470587,13,0.0,0.005010128021240234,5,fec_simple_farthest_point,0.2
1,22,0.379862700228833,0.11607587671309859,0.2807017543859649,0.706140350877193,0.2807017543859649,33,29.782608695652176,3,5.782608695652174,7,6.913043478260869,16.434782608695652,10,0.00010824203491210938,0.007967710494995117,5,fec_simple_farthest_point,0.2
2,20,0.3731094978826376,0.1422331577504023,0.26754385964912286,0.7324561403508771,0.26754385964912286,16,21.0,4,3.896551724137931,7,6.379310344827586,11.310344827586206,13,0.00010561943054199219,0.007349491119384766,5,fec_simple_farthest_point,0.2
3,21,0.358187134502924,0.14980922172455555,0.26754385964912286,0.7324561403508771,0.26754385964912286,16,24.85185185185185,4,3.8518518518518516,7,6.481481481481482,11.333333333333334,13,0.00012135505676269531,0.006352663040161133,5,fec_simple_farthest_point,0.2
4,10,0.3487434803224277,0.12731604722239429,0.26315789473684215,0.7192982456140351,0.26315789473684215,20,25.45945945945946,7,3.891891891891892,8,6.486486486486487,11.405405405405405,17,0.00011873245239257812,0.008126974105834961,5,fec_simple_farthest_point,0.2
5,13,0.3759398496240602,0.1512838091539124,0.26315789473684215,0.7149122807017544,0.26315789473684215,20,24.97142857142857,7,4.085714285714285,8,6.685714285714286,11.457142857142857,17,0.00013375282287597656,0.008925437927246094,5,fec_simple_farthest_point,0.2
