gen,invalid,avg,std,min,max,fitness_test,best_ind_length,avg_length,best_ind_nodes,avg_nodes,best_ind_depth,avg_depth,avg_used_codons,best_ind_used_codons,selection_time,generation_time,run,mode,sample_fraction
0,0,0.506140350877193,0.12985024244179716,0.26754385964912286,0.6973684210526316,,37,19.8,8,4.266666666666667,7,6.133333333333334,13.333333333333334,25,0.0,0.004755258560180664,5,fec_simple_stratified,0.1
1,19,0.37463450292397665,0.10726140508062235,0.26754385964912286,0.7017543859649122,0.26754385964912286,37,30.666666666666668,8,5.791666666666667,7,7.0,17.958333333333332,25,0.00011539459228515625,0.009589672088623047,5,fec_simple_stratified,0.1
2,19,0.34310207336523124,0.09229429051931086,0.2543859649122807,0.5745614035087719,0.2543859649122807,52,38.54545454545455,8,6.954545454545454,8,7.7727272727272725,21.5,25,9.942054748535156e-05,0.00977945327758789,5,fec_simple_stratified,0.1
3,16,0.38736842105263164,0.15330422462470122,0.2543859649122807,0.7280701754385965,0.2543859649122807,52,44.24,8,7.28,8,7.84,22.16,25,0.00011897087097167969,0.010334968566894531,5,fec_simple_stratified,0.1
4,17,0.346816114359974,0.11898780178132629,0.2543859649122807,0.6973684210526316,0.2543859649122807,52,46.55555555555556,8,7.148148148148148,8,7.814814814814815,22.14814814814815,25,0.00011920928955078125,0.01046609878540039,5,fec_simple_stratified,0.1
5,15,0.32147498375568556,0.06282371809536487,0.2543859649122807,0.5,0.2543859649122807,52,49.407407407407405,8,7.111111111111111,8,7.851851851851852,21.59259259259259,25,0.00012540817260742188,0.011515617370605469,5,fec_simple_stratified,0.1
