gen,invalid,avg,std,min,max,fitness_test,best_ind_length,avg_length,best_ind_nodes,avg_nodes,best_ind_depth,avg_depth,avg_used_codons,best_ind_used_codons,selection_time,generation_time,run,mode,sample_fraction
0,0,0.5290570175438596,0.18436628622641973,0.2763157894736842,0.75,,30,28.3125,6,6.25,7,6.3125,18.9375,20,0.0,0.0050241947174072266,3,fec_simple_farthest_point,0.2
1,20,0.33057179987004554,0.11416714094067931,0.26315789473684215,0.6885964912280702,0.26315789473684215,30,30.77777777777778,6,5.481481481481482,7,6.444444444444445,16.814814814814813,20,0.00011849403381347656,0.010926485061645508,3,fec_simple_farthest_point,0.2
2,17,0.3200292397660819,0.09025916066295582,0.25,0.6929824561403508,0.25,30,38.6,6,6.566666666666666,7,7.5,20.6,20,0.00010561943054199219,0.009663581848144531,3,fec_simple_farthest_point,0.2
3,19,0.3892982456140351,0.14891771241974525,0.23245614035087714,0.7280701754385965,0.23245614035087714,65,40.52,14,6.12,10,7.32,19.2,42,0.00011277198791503906,0.01015019416809082,3,fec_simple_farthest_point,0.2
4,20,0.37061403508771934,0.14173748524112706,0.22807017543859653,0.7587719298245614,0.22807017543859653,83,44.083333333333336,20,6.958333333333333,11,7.791666666666667,21.541666666666668,60,0.00013709068298339844,0.010671377182006836,3,fec_simple_farthest_point,0.2
5,16,0.35277777777777775,0.1295094728848414,0.22807017543859653,0.7192982456140351,0.22807017543859653,83,53.233333333333334,20,9.3,11,8.733333333333333,28.333333333333332,60,0.00013589859008789062,0.013489723205566406,3,fec_simple_farthest_point,0.2
