gen,invalid,avg,std,min,max,fitness_test,best_ind_length,avg_length,best_ind_nodes,avg_nodes,best_ind_depth,avg_depth,avg_used_codons,best_ind_used_codons,selection_time,generation_time,run,mode,sample_fraction
0,0,0.4742002063983488,0.16130422161091829,0.2807017543859649,0.6973684210526316,,19,27.705882352941178,4,6.0588235294117645,7,6.647058823529412,18.58823529411765,13,0.0,0.005847930908203125,5,fec_simple_stratified,0.3
1,32,0.3502024291497976,0.11439585507680532,0.2807017543859649,0.6973684210526316,0.2807017543859649,19,23.692307692307693,4,4.230769230769231,7,6.461538461538462,12.538461538461538,13,0.00012874603271484375,0.007258415222167969,5,fec_simple_stratified,0.3
2,17,0.3524853801169591,0.13974872350550666,0.27192982456140347,0.7324561403508771,0.27192982456140347,37,23.9,4,3.7,7,6.6,11.866666666666667,13,0.00010347366333007812,0.006964921951293945,5,fec_simple_stratified,0.3
3,23,0.30549932523616735,0.07479860566353631,0.27192982456140347,0.6052631578947368,0.27192982456140347,37,26.0,4,3.8461538461538463,7,6.923076923076923,12.5,13,0.00011038780212402344,0.006186485290527344,5,fec_simple_stratified,0.3
4,12,0.36208576998050684,0.15249051186342055,0.27192982456140347,0.7236842105263157,0.27192982456140347,37,31.805555555555557,4,4.25,7,7.305555555555555,13.61111111111111,13,0.00011324882507324219,0.009327411651611328,5,fec_simple_stratified,0.3
5,13,0.33347039473684215,0.11429039179415568,0.27192982456140347,0.6798245614035088,0.27192982456140347,37,37.5625,4,4.75,7,7.5,14.90625,13,0.00012874603271484375,0.008955240249633789,5,fec_simple_stratified,0.3
