gen,invalid,avg,std,min,max,fitness_test,best_ind_length,avg_length,best_ind_nodes,avg_nodes,best_ind_depth,avg_depth,avg_used_codons,best_ind_used_codons,selection_time,generation_time,run,mode,sample_fraction
0,0,0.5173245614035088,0.14891287467637876,0.29385964912280704,0.6973684210526316,,10,23.4,2,5.1,6,6.35,15.65,7,0.0,0.005152225494384766,3,fec_simple_stratified,0.1
1,21,0.43505398110661264,0.14304008524785633,0.2894736842105263,0.7105263157894737,0.2894736842105263,24,22.615384615384617,4,4.230769230769231,7,6.846153846153846,13.23076923076923,13,0.00012135505676269531,0.008035421371459961,3,fec_simple_stratified,0.1
2,16,0.3912907268170426,0.13219029417437508,0.2894736842105263,0.6929824561403508,0.2894736842105263,24,21.714285714285715,4,3.5,7,6.857142857142857,11.25,13,0.00010848045349121094,0.007082462310791016,3,fec_simple_stratified,0.1
3,12,0.3667763157894736,0.13067926150210055,0.26754385964912286,0.7236842105263157,0.26754385964912286,19,23.53125,3,4.125,7,7.15625,12.75,10,0.00011658668518066406,0.008814811706542969,3,fec_simple_stratified,0.1
4,15,0.3398415393322015,0.08737816355449317,0.26754385964912286,0.6228070175438596,0.26754385964912286,19,25.774193548387096,3,3.967741935483871,7,7.387096774193548,12.903225806451612,10,0.00013113021850585938,0.009125232696533203,3,fec_simple_stratified,0.1
5,16,0.3799545159194282,0.15394280119323622,0.26315789473684215,0.6973684210526316,0.26315789473684215,19,26.88888888888889,3,4.481481481481482,7,7.592592592592593,14.148148148148149,10,0.00011944770812988281,0.008097410202026367,3,fec_simple_stratified,0.1
