gen,invalid,avg,std,min,max,fitness_test,best_ind_length,avg_length,best_ind_nodes,avg_nodes,best_ind_depth,avg_depth,avg_used_codons,best_ind_used_codons,selection_time,generation_time,run,mode,sample_fraction
0,0,0.532748538011696,0.14058703328924824,0.3114035087719298,0.7105263157894737,,19,21.066666666666666,4,4.6,7,6.133333333333334,14.133333333333333,13,0.0,0.004254341125488281,4,fec_simple_stratified,0.1
1,19,0.4296621182586095,0.1421389585022572,0.2807017543859649,0.7105263157894737,0.2807017543859649,24,20.40740740740741,4,3.740740740740741,7,6.074074074074074,11.222222222222221,13,0.0001087188720703125,0.007420063018798828,4,fec_simple_stratified,0.1
2,14,0.3433388157894737,0.09597420779468356,0.2807017543859649,0.7149122807017544,0.2807017543859649,24,24.96875,4,4.28125,7,6.8125,12.84375,13,0.00011277198791503906,0.007608890533447266,4,fec_simple_stratified,0.1
3,8,0.3791666666666667,0.13748775792616208,0.2807017543859649,0.7105263157894737,0.2807017543859649,24,28.8,4,5.925,7,8.025,16.725,13,0.00012373924255371094,0.011003255844116211,4,fec_simple_stratified,0.1
4,10,0.3658958001063265,0.12585934083949102,0.2807017543859649,0.7105263157894737,0.2807017543859649,24,28.96969696969697,4,5.696969696969697,7,8.06060606060606,16.636363636363637,13,0.0001289844512939453,0.009260177612304688,4,fec_simple_stratified,0.1
5,12,0.391640866873065,0.16328701395980863,0.26315789473684215,0.7324561403508771,0.26315789473684215,25,27.970588235294116,6,4.882352941176471,8,7.647058823529412,14.617647058823529,19,0.0001461505889892578,0.009863853454589844,4,fec_simple_stratified,0.1
