gen,invalid,avg,std,min,max,fitness_test,best_ind_length,avg_length,best_ind_nodes,avg_nodes,best_ind_depth,avg_depth,avg_used_codons,best_ind_used_codons,selection_time,generation_time,run,mode,sample_fraction
0,0,0.5984405458089669,0.12661377685605044,0.38596491228070173,0.7236842105263157,,37,26.666666666666668,8,5.666666666666667,7,6.555555555555555,18.0,25,0.0,0.0033845901489257812,4,fec_simple_farthest_point,0.3
1,22,0.4953399122807018,0.13257543670366248,0.2850877192982456,0.7324561403508771,0.2850877192982456,37,34.3125,15,6.375,9,6.5625,19.25,36,0.0001087188720703125,0.008045196533203125,4,fec_simple_farthest_point,0.3
2,31,0.412796697626419,0.12105190575137592,0.2850877192982456,0.6271929824561404,0.2850877192982456,37,42.294117647058826,15,9.764705882352942,9,7.882352941176471,27.294117647058822,36,0.00010728836059570312,0.009274721145629883,4,fec_simple_farthest_point,0.3
3,14,0.3461538461538461,0.1369512949186902,0.2807017543859649,0.7149122807017544,0.2807017543859649,48,49.30769230769231,6,11.346153846153847,7,8.76923076923077,31.423076923076923,19,0.00012254714965820312,0.011948823928833008,4,fec_simple_farthest_point,0.3
4,11,0.34153933220147137,0.10297902588292253,0.24122807017543857,0.7149122807017544,0.24122807017543857,46,49.45161290322581,7,10.774193548387096,9,8.870967741935484,29.93548387096774,22,0.00013327598571777344,0.013076543807983398,4,fec_simple_farthest_point,0.3
5,11,0.34262125902992774,0.12565691409718965,0.24122807017543857,0.736842105263158,0.24122807017543857,46,50.8235294117647,7,11.617647058823529,9,9.5,32.1764705882353,22,0.0001380443572998047,0.013093709945678711,4,fec_simple_farthest_point,0.3
