gen,invalid,avg,std,min,max,fitness_test,best_ind_length,avg_length,best_ind_nodes,avg_nodes,best_ind_depth,avg_depth,avg_used_codons,best_ind_used_codons,selection_time,generation_time,run,mode,sample_fraction
0,0,0.5577485380116959,0.14141856016228394,0.3157894736842105,0.7236842105263157,,36,26.5,8,5.833333333333333,7,6.333333333333333,17.666666666666668,24,0.0,0.0042874813079833984,4,fec_simple_farthest_point,0.1
1,18,0.4573502722323049,0.12330239164962717,0.29824561403508776,0.706140350877193,0.29824561403508776,36,26.862068965517242,8,4.206896551724138,8,5.862068965517241,12.620689655172415,24,0.00011086463928222656,0.008530616760253906,4,fec_simple_farthest_point,0.1
2,14,0.4088021778584392,0.14212327691585128,0.26315789473684215,0.6973684210526316,0.26315789473684215,35,25.862068965517242,8,4.586206896551724,8,5.517241379310345,12.862068965517242,24,0.00010704994201660156,0.0077974796295166016,4,fec_simple_farthest_point,0.1
3,14,0.44247638326585703,0.16058183097133558,0.26315789473684215,0.7149122807017544,0.26315789473684215,35,32.92307692307692,8,5.115384615384615,8,5.6923076923076925,14.153846153846153,24,0.00011944770812988281,0.008453130722045898,4,fec_simple_farthest_point,0.1
4,11,0.3480994152046784,0.08726110842211426,0.26315789473684215,0.7236842105263157,0.26315789473684215,35,32.266666666666666,8,3.433333333333333,8,4.6,9.633333333333333,24,0.00011682510375976562,0.006329536437988281,4,fec_simple_farthest_point,0.1
5,12,0.337468671679198,0.09309317931810332,0.26315789473684215,0.6754385964912281,0.26315789473684215,35,32.17142857142857,8,3.8285714285714287,8,5.171428571428572,10.771428571428572,24,0.00012445449829101562,0.008563041687011719,4,fec_simple_farthest_point,0.1
