gen,invalid,avg,std,min,max,fitness_test,best_ind_length,avg_length,best_ind_nodes,avg_nodes,best_ind_depth,avg_depth,avg_used_codons,best_ind_used_codons,selection_time,generation_time,run,mode,sample_fraction
0,0,0.41871345029239765,0.10555353062158421,0.29824561403508776,0.6140350877192983,,19,29.666666666666668,6,6.6,6,6.866666666666666,19.933333333333334,13,0.0,0.004452943801879883,1,fec_simple_farthest_point,0.3
1,16,0.37507074136955293,0.14188059510442697,0.2763157894736842,0.7236842105263157,0.2763157894736842,34,29.548387096774192,8,5.645161290322581,8,7.0,16.483870967741936,24,0.0001087188720703125,0.009822845458984375,1,fec_simple_farthest_point,0.3
2,16,0.39240679824561403,0.1585785038364015,0.2763157894736842,0.7280701754385965,0.2763157894736842,34,28.03125,8,5.15625,8,7.125,15.09375,24,0.00011348724365234375,0.008916378021240234,1,fec_simple_farthest_point,0.3
3,10,0.36749069643806487,0.1419933038315683,0.2763157894736842,0.7280701754385965,0.2763157894736842,34,29.454545454545453,8,5.878787878787879,8,7.515151515151516,16.90909090909091,24,0.00012683868408203125,0.010021209716796875,1,fec_simple_farthest_point,0.3
4,20,0.3557168784029039,0.14361351110214457,0.25877192982456143,0.7280701754385965,0.25877192982456143,25,31.482758620689655,5,5.448275862068965,7,7.482758620689655,16.20689655172414,15,0.00012373924255371094,0.00847315788269043,1,fec_simple_farthest_point,0.3
5,19,0.4160401002506266,0.16048297365064484,0.25877192982456143,0.7236842105263157,0.25877192982456143,25,34.0,5,6.285714285714286,7,7.857142857142857,18.892857142857142,15,0.00012135505676269531,0.00896453857421875,1,fec_simple_farthest_point,0.3
