gen,invalid,avg,std,min,max,fitness_test,best_ind_length,avg_length,best_ind_nodes,avg_nodes,best_ind_depth,avg_depth,avg_used_codons,best_ind_used_codons,selection_time,generation_time,run,mode,sample_fraction
0,0,0.5142543859649122,0.17202569419544467,0.25,0.7412280701754386,,36,31.166666666666668,8,6.833333333333333,7,6.75,20.833333333333332,24,0.0,0.004446268081665039,4,fec_simple_farthest_point,0.2
1,23,0.38541666666666674,0.16421184079186618,0.25,0.7456140350877193,0.25,36,29.875,8,5.416666666666667,7,6.875,16.666666666666668,24,0.00011873245239257812,0.008976221084594727,4,fec_simple_farthest_point,0.2
2,15,0.42338267543859653,0.20682157053615288,0.25,0.7412280701754386,0.25,36,29.5,8,5.03125,7,6.59375,14.71875,24,0.00010704994201660156,0.008675813674926758,4,fec_simple_farthest_point,0.2
3,16,0.3808049535603715,0.1889785130210846,0.25,0.75,0.25,36,32.794117647058826,8,5.117647058823529,7,6.705882352941177,15.294117647058824,24,0.00012564659118652344,0.009107351303100586,4,fec_simple_farthest_point,0.2
4,13,0.39082503556187764,0.18765210580007238,0.25,0.7236842105263157,0.25,36,35.972972972972975,8,5.324324324324325,7,6.8108108108108105,15.567567567567568,24,0.00014019012451171875,0.009678125381469727,4,fec_simple_farthest_point,0.2
5,6,0.3822055137844612,0.1975738544444637,0.25,0.7456140350877193,0.25,36,36.11904761904762,8,5.5,7,6.928571428571429,16.023809523809526,24,0.00013375282287597656,0.010864734649658203,4,fec_simple_farthest_point,0.2
