gen,invalid,avg,std,min,max,fitness_test,best_ind_length,avg_length,best_ind_nodes,avg_nodes,best_ind_depth,avg_depth,avg_used_codons,best_ind_used_codons,selection_time,generation_time,run,mode,sample_fraction
0,0,0.531328320802005,0.13650810267191957,0.2850877192982456,0.7236842105263157,,12,24.857142857142858,2,5.5,7,6.214285714285714,16.642857142857142,8,0.0,0.004199504852294922,3,fec_simple_farthest_point,0.1
1,14,0.4424508240297714,0.14438706295675383,0.2850877192982456,0.7236842105263157,0.2850877192982456,12,30.272727272727273,2,5.848484848484849,7,7.151515151515151,17.96969696969697,8,0.00011372566223144531,0.00957036018371582,3,fec_simple_farthest_point,0.1
2,15,0.44298245614035087,0.18657695249769748,0.2763157894736842,0.7412280701754386,0.2763157894736842,19,27.419354838709676,5,4.0,9,7.387096774193548,13.03225806451613,17,0.00010848045349121094,0.008612394332885742,3,fec_simple_farthest_point,0.1
3,15,0.4476709013914096,0.16851874370172834,0.2763157894736842,0.7412280701754386,0.2763157894736842,19,30.17241379310345,5,4.586206896551724,9,7.896551724137931,14.758620689655173,17,0.00011396408081054688,0.008328676223754883,3,fec_simple_farthest_point,0.1
4,13,0.43358395989974935,0.18555465829575982,0.27192982456140347,0.7412280701754386,0.27192982456140347,20,30.685714285714287,3,3.4571428571428573,6,7.485714285714286,11.485714285714286,9,0.00010991096496582031,0.008036375045776367,3,fec_simple_farthest_point,0.1
5,13,0.36961722488038284,0.1561770557873514,0.26315789473684215,0.7280701754385965,0.26315789473684215,39,31.060606060606062,9,2.8181818181818183,8,7.0606060606060606,9.848484848484848,27,0.0001308917999267578,0.007723331451416016,3,fec_simple_farthest_point,0.1
