gen,invalid,avg,std,min,max,fitness_test,best_ind_length,avg_length,best_ind_nodes,avg_nodes,best_ind_depth,avg_depth,avg_used_codons,best_ind_used_codons,selection_time,generation_time,run,mode,sample_fraction
0,0,0.4744152046783625,0.16022784862795017,0.25,0.7105263157894737,,25,22.0,5,4.888888888888889,7,6.111111111111111,14.833333333333334,17,0.0,0.005665302276611328,5,fec_simple_farthest_point,0.1
1,21,0.3598484848484849,0.12258950086672425,0.25,0.6973684210526316,0.25,25,23.454545454545453,5,4.181818181818182,7,6.0,12.954545454545455,17,0.0001239776611328125,0.0069293975830078125,5,fec_simple_farthest_point,0.1
2,25,0.3099415204678363,0.08031626722117177,0.25,0.6271929824561404,0.25,25,22.666666666666668,5,3.4444444444444446,7,6.166666666666667,11.0,17,0.00010824203491210938,0.006824016571044922,5,fec_simple_farthest_point,0.1
3,22,0.324792243767313,0.133787812842494,0.25,0.7105263157894737,0.25,25,23.736842105263158,5,4.421052631578948,7,6.7894736842105265,13.789473684210526,17,0.00013113021850585938,0.006307125091552734,5,fec_simple_farthest_point,0.1
4,24,0.3114035087719298,0.12467254739957803,0.25,0.7105263157894737,0.25,25,24.625,5,4.875,7,6.9375,15.75,17,0.000118255615234375,0.00628662109375,5,fec_simple_farthest_point,0.1
5,25,0.26160990712074306,0.015410923140421135,0.25,0.29385964912280704,0.25,25,25.470588235294116,5,4.764705882352941,7,7.0,16.11764705882353,17,0.0001246929168701172,0.005484342575073242,5,fec_simple_farthest_point,0.1
