gen,invalid,avg,std,min,max,fitness_test,best_ind_length,avg_length,best_ind_nodes,avg_nodes,best_ind_depth,avg_depth,avg_used_codons,best_ind_used_codons,selection_time,generation_time,run,mode,sample_fraction
0,0,0.5534539473684211,0.14688251030221158,0.3026315789473685,0.7105263157894737,,36,25.1875,8,5.5625,7,6.1875,16.875,24,0.0,0.004685640335083008,1,fec_simple_stratified,0.3
1,16,0.40718732314657613,0.11486516471124204,0.3026315789473685,0.6973684210526316,0.3026315789473685,36,22.387096774193548,8,4.387096774193548,7,6.129032258064516,13.35483870967742,24,0.0001232624053955078,0.009098529815673828,1,fec_simple_stratified,0.3
2,25,0.3193400167084377,0.02739432319476957,0.3026315789473685,0.4035087719298246,0.3026315789473685,36,32.333333333333336,8,4.476190476190476,7,5.9523809523809526,13.571428571428571,24,0.00010466575622558594,0.006837606430053711,1,fec_simple_stratified,0.3
3,21,0.3916040100250626,0.1411166118991881,0.3026315789473685,0.6973684210526316,0.3026315789473685,36,34.107142857142854,8,4.321428571428571,7,6.285714285714286,13.214285714285714,24,0.00012302398681640625,0.009229898452758789,1,fec_simple_stratified,0.3
4,6,0.3870091896407686,0.1502421548198329,0.2763157894736842,0.6973684210526316,0.2763157894736842,33,40.69047619047619,7,6.571428571428571,7,7.214285714285714,19.476190476190474,21,0.00012445449829101562,0.012047052383422852,1,fec_simple_stratified,0.3
5,19,0.35867446393762187,0.12304079052361132,0.2763157894736842,0.6973684210526316,0.2763157894736842,33,42.0,7,5.481481481481482,7,6.962962962962963,16.074074074074073,21,0.00013208389282226562,0.00993967056274414,1,fec_simple_stratified,0.3
