gen,invalid,avg,std,min,max,fitness_test,best_ind_length,avg_length,best_ind_nodes,avg_nodes,best_ind_depth,avg_depth,avg_used_codons,best_ind_used_codons,selection_time,generation_time,run,mode,sample_fraction
0,0,0.5183413078149921,0.1670839460905659,0.2894736842105263,0.7192982456140351,,19,21.545454545454547,4,4.7272727272727275,7,6.545454545454546,14.545454545454545,13,0.0,0.004547119140625,5,fec_simple_stratified,0.2
1,16,0.40391995614035087,0.1381377011793008,0.2894736842105263,0.7105263157894737,0.2894736842105263,19,22.15625,4,4.40625,7,7.03125,13.4375,13,0.00012159347534179688,0.008517265319824219,5,fec_simple_stratified,0.2
2,13,0.3524251805985552,0.12502549100493537,0.2850877192982456,0.7105263157894737,0.2850877192982456,24,22.41176470588235,4,4.5588235294117645,7,7.294117647058823,13.529411764705882,13,0.00011301040649414062,0.008821487426757812,5,fec_simple_stratified,0.2
3,4,0.4035087719298246,0.15818864387456813,0.2850877192982456,0.7192982456140351,0.2850877192982456,24,25.0,4,4.853658536585366,7,7.7560975609756095,14.560975609756097,13,0.0001232624053955078,0.009314298629760742,5,fec_simple_stratified,0.2
4,4,0.38344298245614034,0.15470675249224725,0.2807017543859649,0.7105263157894737,0.2807017543859649,34,25.85,5,4.7,8,7.425,13.75,16,0.00013875961303710938,0.009263277053833008,5,fec_simple_stratified,0.2
5,7,0.4112938596491228,0.16182512955947417,0.2807017543859649,0.7192982456140351,0.2807017543859649,34,28.55,5,5.575,8,7.825,15.675,16,0.0001266002655029297,0.009923934936523438,5,fec_simple_stratified,0.2
