gen,invalid,avg,std,min,max,fitness_test,best_ind_length,avg_length,best_ind_nodes,avg_nodes,best_ind_depth,avg_depth,avg_used_codons,best_ind_used_codons,selection_time,generation_time,run,mode,sample_fraction
0,0,0.5436507936507937,0.15465010838417886,0.3026315789473685,0.7105263157894737,,22,21.523809523809526,5,4.809523809523809,7,5.761904761904762,14.476190476190476,15,0.0,0.005267620086669922,2,fec_simple_farthest_point,0.1
1,18,0.4619883040935672,0.1525006346809121,0.27192982456140347,0.6973684210526316,0.27192982456140347,31,25.703703703703702,8,5.222222222222222,7,6.37037037037037,15.481481481481481,24,0.0001163482666015625,0.009163618087768555,2,fec_simple_farthest_point,0.1
2,27,0.4048436308161709,0.1602629563590407,0.27192982456140347,0.7192982456140351,0.27192982456140347,31,34.91304347826087,8,7.956521739130435,7,7.826086956521739,22.565217391304348,24,9.918212890625e-05,0.00935673713684082,2,fec_simple_farthest_point,0.1
3,14,0.3672932330827068,0.13084735148454057,0.2543859649122807,0.6973684210526316,0.2543859649122807,38,34.82857142857143,8,7.114285714285714,7,7.542857142857143,20.34285714285714,24,0.00011372566223144531,0.010323762893676758,2,fec_simple_farthest_point,0.1
4,18,0.3616298811544992,0.14667181948276337,0.2543859649122807,0.6973684210526316,0.2543859649122807,38,36.774193548387096,8,7.580645161290323,7,7.838709677419355,22.258064516129032,24,0.00012874603271484375,0.01063990592956543,2,fec_simple_farthest_point,0.1
5,24,0.36543859649122806,0.15440450446896872,0.2543859649122807,0.706140350877193,0.2543859649122807,38,44.12,8,6.96,7,7.32,20.48,24,0.00012564659118652344,0.009878158569335938,2,fec_simple_farthest_point,0.1
