gen,invalid,avg,std,min,max,fitness_test,best_ind_length,avg_length,best_ind_nodes,avg_nodes,best_ind_depth,avg_depth,avg_used_codons,best_ind_used_codons,selection_time,generation_time,run,mode,sample_fraction
0,0,0.5529689608636977,0.16974971390081386,0.2894736842105263,0.7149122807017544,,19,24.53846153846154,4,5.384615384615385,7,6.3076923076923075,16.46153846153846,13,0.0,0.00431513786315918,5,fec_simple_farthest_point,0.3
1,21,0.38736044657097285,0.13724755374062683,0.2894736842105263,0.7149122807017544,0.2894736842105263,19,16.727272727272727,4,2.727272727272727,7,5.590909090909091,8.5,13,0.000110626220703125,0.0067903995513916016,5,fec_simple_farthest_point,0.3
2,14,0.3461098398169337,0.11833212076888948,0.2894736842105263,0.7017543859649122,0.2894736842105263,19,19.652173913043477,4,4.086956521739131,7,6.6521739130434785,12.130434782608695,13,0.00010776519775390625,0.006987810134887695,5,fec_simple_farthest_point,0.3
3,14,0.3850250626566415,0.16847618285173213,0.27192982456140347,0.7149122807017544,0.27192982456140347,16,20.25,3,4.25,7,7.178571428571429,13.107142857142858,10,0.00012564659118652344,0.008007287979125977,5,fec_simple_farthest_point,0.3
4,13,0.35851726089417096,0.1515579320483303,0.27192982456140347,0.7192982456140351,0.27192982456140347,16,20.774193548387096,3,4.838709677419355,7,7.645161290322581,14.709677419354838,10,0.0001354217529296875,0.007795810699462891,5,fec_simple_farthest_point,0.3
5,12,0.3612573099415205,0.15222724614445807,0.25,0.7280701754385965,0.25,25,20.1,3,4.1,7,7.3,12.733333333333333,10,0.0001277923583984375,0.008091211318969727,5,fec_simple_farthest_point,0.3
