gen,invalid,avg,std,min,max,fitness_test,best_ind_length,avg_length,best_ind_nodes,avg_nodes,best_ind_depth,avg_depth,avg_used_codons,best_ind_used_codons,selection_time,generation_time,run,mode,sample_fraction
0,0,0.543859649122807,0.14922200399985516,0.29385964912280704,0.7456140350877193,,36,25.076923076923077,8,5.615384615384615,7,6.153846153846154,16.76923076923077,24,0.0,0.004553794860839844,1,fec_simple_farthest_point,0.2
1,22,0.4482821637426901,0.13710951884501613,0.2894736842105263,0.7324561403508771,0.2894736842105263,45,29.166666666666668,8,5.875,7,6.75,17.0,24,0.00012111663818359375,0.008034944534301758,1,fec_simple_farthest_point,0.2
2,10,0.3847795163584637,0.1483735978522387,0.26754385964912286,0.7280701754385965,0.26754385964912286,34,33.648648648648646,2,5.891891891891892,5,6.891891891891892,17.27027027027027,6,0.00010657310485839844,0.009453296661376953,1,fec_simple_farthest_point,0.2
3,6,0.44417862838915473,0.19237972162203723,0.26754385964912286,0.7456140350877193,0.26754385964912286,34,36.61363636363637,2,5.954545454545454,5,7.181818181818182,17.272727272727273,6,0.00013184547424316406,0.010944128036499023,1,fec_simple_farthest_point,0.2
4,7,0.4218014548566539,0.17876054341930936,0.26754385964912286,0.7456140350877193,0.26754385964912286,34,36.48780487804878,2,5.536585365853658,5,7.097560975609756,15.975609756097562,6,0.0001323223114013672,0.010716915130615234,1,fec_simple_farthest_point,0.2
5,8,0.4072681704260652,0.18225724628980727,0.26754385964912286,0.7324561403508771,0.26754385964912286,34,38.666666666666664,2,5.380952380952381,5,6.976190476190476,15.428571428571429,6,0.00015234947204589844,0.011251449584960938,1,fec_simple_farthest_point,0.2
