gen,invalid,avg,std,min,max,fitness_test,best_ind_length,avg_length,best_ind_nodes,avg_nodes,best_ind_depth,avg_depth,avg_used_codons,best_ind_used_codons,selection_time,generation_time,run,mode,sample_fraction
0,0,0.5008771929824561,0.1661364295528886,0.2850877192982456,0.7236842105263157,,36,26.6,8,5.866666666666666,7,6.6,17.866666666666667,24,0.0,0.004380941390991211,3,fec_simple_farthest_point,0.3
1,21,0.4660664819944598,0.17308463543387295,0.2850877192982456,0.7149122807017544,0.2850877192982456,36,26.263157894736842,8,5.631578947368421,7,6.684210526315789,16.42105263157895,24,0.00011038780212402344,0.00750279426574707,3,fec_simple_farthest_point,0.3
2,22,0.3570906432748538,0.1346076656435731,0.25877192982456143,0.7324561403508771,0.25877192982456143,32,30.666666666666668,4,5.625,7,6.875,16.625,13,0.00011014938354492188,0.0077855587005615234,3,fec_simple_farthest_point,0.3
3,13,0.3798732943469786,0.15598900615281927,0.25877192982456143,0.7149122807017544,0.25877192982456143,32,32.77777777777778,4,5.805555555555555,7,6.944444444444445,17.555555555555557,13,0.00011539459228515625,0.010360240936279297,3,fec_simple_farthest_point,0.3
4,14,0.3294790005316321,0.11345473295854078,0.2543859649122807,0.706140350877193,0.2543859649122807,48,36.42424242424242,4,7.03030303030303,7,7.575757575757576,20.363636363636363,13,0.0001361370086669922,0.010556221008300781,3,fec_simple_farthest_point,0.3
5,11,0.360548807917229,0.14122736986935824,0.25,0.7236842105263157,0.25,28,36.43589743589744,7,5.487179487179487,10,7.410256410256411,16.333333333333332,22,0.0001537799835205078,0.01089620590209961,3,fec_simple_farthest_point,0.3
