gen,invalid,avg,std,min,max,fitness_test,best_ind_length,avg_length,best_ind_nodes,avg_nodes,best_ind_depth,avg_depth,avg_used_codons,best_ind_used_codons,selection_time,generation_time,run,mode,sample_fraction
0,0,0.5359100877192983,0.1771314892292438,0.29385964912280704,0.7456140350877193,,30,29.8125,6,6.5625,7,6.625,19.9375,20,0.0,0.004799604415893555,3,fec_simple_stratified,0.3
1,20,0.4266194331983805,0.14620446414627114,0.25877192982456143,0.706140350877193,0.25877192982456143,31,30.153846153846153,2,5.153846153846154,5,6.346153846153846,15.653846153846153,6,0.00012111663818359375,0.008893728256225586,3,fec_simple_stratified,0.3
2,15,0.41807644110275693,0.1522101063087541,0.25877192982456143,0.706140350877193,0.25877192982456143,31,32.42857142857143,2,4.964285714285714,5,6.714285714285714,15.0,6,0.00011777877807617188,0.008977651596069336,3,fec_simple_stratified,0.3
3,11,0.38742690058479534,0.16004265167121876,0.25877192982456143,0.7412280701754386,0.25877192982456143,31,33.19444444444444,2,4.583333333333333,5,6.805555555555555,13.472222222222221,6,0.00011301040649414062,0.00889134407043457,3,fec_simple_stratified,0.3
4,6,0.3452672378620971,0.14523616496572808,0.25877192982456143,0.706140350877193,0.25877192982456143,31,32.51162790697674,2,4.0,5,6.395348837209302,11.511627906976743,6,0.0001220703125,0.009136438369750977,3,fec_simple_stratified,0.3
5,8,0.37576754385964917,0.16983764261774778,0.25877192982456143,0.75,0.25877192982456143,31,33.225,2,3.2,5,5.925,9.6,6,0.0001323223114013672,0.008767366409301758,3,fec_simple_stratified,0.3
