gen,invalid,avg,std,min,max,fitness_test,best_ind_length,avg_length,best_ind_nodes,avg_nodes,best_ind_depth,avg_depth,avg_used_codons,best_ind_used_codons,selection_time,generation_time,run,mode,sample_fraction
0,0,0.5064499484004128,0.18000455166386314,0.2807017543859649,0.736842105263158,,36,28.88235294117647,8,6.294117647058823,7,6.529411764705882,19.352941176470587,24,0.0,0.0051424503326416016,1,fec_simple_stratified,0.2
1,24,0.3932748538011696,0.15712901055867237,0.26315789473684215,0.7236842105263157,0.26315789473684215,20,30.142857142857142,5,5.714285714285714,7,6.190476190476191,16.238095238095237,19,0.00012683868408203125,0.009123563766479492,1,fec_simple_stratified,0.2
2,20,0.36964912280701756,0.15028197565520912,0.26315789473684215,0.7236842105263157,0.26315789473684215,20,35.16,5,6.8,7,6.68,18.92,19,0.0001087188720703125,0.00798797607421875,1,fec_simple_stratified,0.2
3,18,0.4656140350877193,0.19933206409389093,0.26315789473684215,0.7236842105263157,0.26315789473684215,20,37.8,5,7.04,7,7.36,19.4,19,0.00011992454528808594,0.01020503044128418,1,fec_simple_stratified,0.2
4,18,0.3390092879256966,0.13417430649321596,0.25877192982456143,0.706140350877193,0.25877192982456143,25,33.529411764705884,6,6.235294117647059,8,7.647058823529412,19.823529411764707,18,0.00012755393981933594,0.0090789794921875,1,fec_simple_stratified,0.2
5,21,0.3840852130325815,0.1809623895389307,0.25877192982456143,0.7587719298245614,0.25877192982456143,25,30.714285714285715,6,5.761904761904762,8,7.666666666666667,18.38095238095238,18,0.00013494491577148438,0.00792694091796875,1,fec_simple_stratified,0.2
