gen,invalid,avg,std,min,max,fitness_test,best_ind_length,avg_length,best_ind_nodes,avg_nodes,best_ind_depth,avg_depth,avg_used_codons,best_ind_used_codons,selection_time,generation_time,run,mode,sample_fraction
0,0,0.584795321637427,0.14359077236132517,0.2807017543859649,0.7412280701754386,,10,30.4,2,6.666666666666667,6,6.866666666666666,20.4,7,0.0,0.0048084259033203125,3,fec_simple_stratified,0.2
1,20,0.46897335932423645,0.16222109580009286,0.27192982456140347,0.7587719298245614,0.27192982456140347,18,26.25925925925926,4,5.111111111111111,6,6.666666666666667,15.777777777777779,12,0.00011777877807617188,0.008765935897827148,3,fec_simple_stratified,0.2
2,19,0.32540485829959515,0.10767466028430683,0.25877192982456143,0.7017543859649122,0.25877192982456143,9,21.5,2,2.6538461538461537,6,6.230769230769231,8.653846153846153,7,0.00010967254638671875,0.00618433952331543,3,fec_simple_stratified,0.2
3,14,0.3741776315789474,0.14897937785985166,0.25877192982456143,0.7017543859649122,0.25877192982456143,9,24.875,2,2.96875,6,6.5,9.46875,7,0.00012540817260742188,0.007715463638305664,3,fec_simple_stratified,0.2
4,7,0.400250626566416,0.17995851376558114,0.25877192982456143,0.7412280701754386,0.25877192982456143,9,19.942857142857143,2,2.5428571428571427,6,6.228571428571429,8.257142857142858,7,0.00012803077697753906,0.008266925811767578,3,fec_simple_stratified,0.2
5,17,0.3338206627680312,0.15618585266384355,0.25877192982456143,0.7412280701754386,0.25877192982456143,9,23.59259259259259,2,2.6296296296296298,6,6.2592592592592595,8.62962962962963,7,0.00012993812561035156,0.007475137710571289,3,fec_simple_stratified,0.2
