gen,invalid,avg,std,min,max,fitness_test,best_ind_length,avg_length,best_ind_nodes,avg_nodes,best_ind_depth,avg_depth,avg_used_codons,best_ind_used_codons,selection_time,generation_time,run,mode,sample_fraction
0,0,0.4524853801169591,0.18304216177681007,0.26315789473684215,0.7280701754385965,,30,22.11111111111111,6,4.777777777777778,7,6.0,14.833333333333334,20,0.0,0.004408121109008789,2,fec_simple_farthest_point,0.3
1,24,0.33101135190918474,0.09867265896224166,0.26315789473684215,0.6228070175438596,0.26315789473684215,30,28.058823529411764,6,5.176470588235294,7,6.0588235294117645,15.529411764705882,20,0.00012373924255371094,0.008368730545043945,2,fec_simple_farthest_point,0.3
2,25,0.3231763619575254,0.10638305309873905,0.25877192982456143,0.7280701754385965,0.25877192982456143,35,34.8421052631579,6,6.315789473684211,7,7.315789473684211,19.263157894736842,18,0.00011110305786132812,0.008417129516601562,2,fec_simple_farthest_point,0.3
3,22,0.35171261487050964,0.15031356034681662,0.25877192982456143,0.736842105263158,0.25877192982456143,35,38.19047619047619,6,5.857142857142857,7,7.095238095238095,18.761904761904763,18,0.00011420249938964844,0.009517431259155273,2,fec_simple_farthest_point,0.3
4,16,0.2773279352226721,0.013397928239989714,0.2543859649122807,0.3114035087719298,0.2543859649122807,40,39.73076923076923,7,6.615384615384615,8,7.6923076923076925,20.884615384615383,23,0.00011587142944335938,0.009439468383789062,2,fec_simple_farthest_point,0.3
5,16,0.3354450942170241,0.13755318722832494,0.2543859649122807,0.736842105263158,0.2543859649122807,40,42.44444444444444,7,7.37037037037037,8,7.888888888888889,23.25925925925926,23,0.00013875961303710938,0.01034092903137207,2,fec_simple_farthest_point,0.3
