gen,invalid,avg,std,min,max,fitness_test,best_ind_length,avg_length,best_ind_nodes,avg_nodes,best_ind_depth,avg_depth,avg_used_codons,best_ind_used_codons,selection_time,generation_time,run,mode,sample_fraction
0,0,0.5310831426392069,0.1653360966929363,0.27192982456140347,0.7719298245614035,,37,22.217391304347824,8,4.956521739130435,7,5.782608695652174,14.869565217391305,25,0.0,0.00505518913269043,2,fec_simple_stratified,0.3
1,21,0.4485645933014355,0.16891883538947705,0.26754385964912286,0.736842105263158,0.26754385964912286,45,28.636363636363637,8,5.363636363636363,7,6.2272727272727275,16.181818181818183,24,0.0001163482666015625,0.008482694625854492,2,fec_simple_stratified,0.3
2,18,0.40172189733593244,0.15830599129293288,0.26754385964912286,0.7192982456140351,0.26754385964912286,45,37.77777777777778,8,6.62962962962963,7,7.074074074074074,19.666666666666668,24,0.00010633468627929688,0.009990930557250977,2,fec_simple_stratified,0.3
3,17,0.3439201451905626,0.1153624481611918,0.2543859649122807,0.7280701754385965,0.2543859649122807,40,45.241379310344826,7,8.827586206896552,7,8.03448275862069,24.96551724137931,21,0.00011348724365234375,0.011570215225219727,2,fec_simple_stratified,0.3
4,13,0.40945104697226936,0.20397071443590253,0.2543859649122807,0.7324561403508771,0.2543859649122807,40,46.225806451612904,7,9.709677419354838,7,8.709677419354838,27.580645161290324,21,0.0001125335693359375,0.01296544075012207,2,fec_simple_stratified,0.3
5,16,0.39880952380952384,0.18514401475020842,0.24122807017543857,0.736842105263158,0.24122807017543857,79,48.67857142857143,20,9.642857142857142,12,9.178571428571429,27.75,60,0.00016450881958007812,0.012489080429077148,2,fec_simple_stratified,0.3
