gen,invalid,avg,std,min,max,fitness_test,best_ind_length,avg_length,best_ind_nodes,avg_nodes,best_ind_depth,avg_depth,avg_used_codons,best_ind_used_codons,selection_time,generation_time,run,mode,sample_fraction
0,0,0.4922027290448342,0.13754781569058966,0.3201754385964912,0.6798245614035088,,19,25.925925925925927,6,5.777777777777778,6,6.333333333333333,17.37037037037037,13,0.0,0.006367206573486328,4,fec_simple_stratified,0.3
1,17,0.4291979949874687,0.15134854121284247,0.3157894736842105,0.7017543859649122,0.3157894736842105,30,29.714285714285715,7,5.642857142857143,7,6.5,15.964285714285714,21,0.0001125335693359375,0.009360551834106445,4,fec_simple_stratified,0.3
2,19,0.4340350877192982,0.14902721394274634,0.3157894736842105,0.6842105263157895,0.3157894736842105,30,31.68,7,6.28,7,6.84,16.48,21,0.00010180473327636719,0.008461236953735352,4,fec_simple_stratified,0.3
3,19,0.37764670296430736,0.12853065512609246,0.3157894736842105,0.6929824561403508,0.3157894736842105,30,31.275862068965516,7,7.448275862068965,7,7.137931034482759,18.896551724137932,21,0.00010943412780761719,0.010401487350463867,4,fec_simple_stratified,0.3
4,17,0.3937464629315224,0.13430356602397428,0.3114035087719298,0.6798245614035088,0.3114035087719298,28,29.93548387096774,2,5.838709677419355,5,6.67741935483871,15.193548387096774,6,0.00011920928955078125,0.00981903076171875,4,fec_simple_stratified,0.3
5,21,0.4050211736237145,0.1474780108018824,0.3114035087719298,0.6929824561403508,0.3114035087719298,28,30.06896551724138,2,5.379310344827586,5,6.689655172413793,14.827586206896552,6,0.0001289844512939453,0.009209156036376953,4,fec_simple_stratified,0.3
