gen,invalid,avg,std,min,max,fitness_test,best_ind_length,avg_length,best_ind_nodes,avg_nodes,best_ind_depth,avg_depth,avg_used_codons,best_ind_used_codons,selection_time,generation_time,run,mode,sample_fraction
0,0,0.5141325536062378,0.15828382018071763,0.2807017543859649,0.75,,36,25.27777777777778,8,5.666666666666667,7,6.333333333333333,17.0,24,0.0,0.004990577697753906,4,fec_simple_stratified,0.2
1,20,0.3778195488721804,0.12107575265528378,0.25877192982456143,0.7149122807017544,0.25877192982456143,18,28.428571428571427,4,5.571428571428571,6,6.785714285714286,16.285714285714285,12,0.00012922286987304688,0.009594917297363281,4,fec_simple_stratified,0.2
2,18,0.3486842105263158,0.1459621622407382,0.2543859649122807,0.75,0.2543859649122807,33,26.566666666666666,4,4.433333333333334,6,6.366666666666666,12.233333333333333,12,0.00010967254638671875,0.00872945785522461,4,fec_simple_stratified,0.2
3,18,0.33026315789473687,0.13197382268392216,0.25,0.7412280701754386,0.25,30,27.0,4,4.733333333333333,6,6.633333333333334,13.733333333333333,12,0.00012564659118652344,0.008415460586547852,4,fec_simple_stratified,0.2
4,7,0.3507751937984497,0.1612186079809139,0.2192982456140351,0.7412280701754386,0.2192982456140351,33,30.0,7,4.651162790697675,9,6.5813953488372094,13.720930232558139,21,0.00012254714965820312,0.009516716003417969,4,fec_simple_stratified,0.2
5,10,0.2977839335180056,0.10339891521548997,0.2192982456140351,0.7149122807017544,0.2192982456140351,33,31.342105263157894,7,4.7631578947368425,9,6.657894736842105,13.894736842105264,21,0.00013780593872070312,0.010401725769042969,4,fec_simple_stratified,0.2
