gen,invalid,avg,std,min,max,fitness_test,best_ind_length,avg_length,best_ind_nodes,avg_nodes,best_ind_depth,avg_depth,avg_used_codons,best_ind_used_codons,selection_time,generation_time,run,mode,sample_fraction
0,0,0.5161588180978762,0.16269538885238324,0.27192982456140347,0.7105263157894737,,19,29.36842105263158,4,6.368421052631579,7,6.842105263157895,19.68421052631579,13,0.0,0.005282878875732422,1,fec_simple_farthest_point,0.1
1,28,0.40956558061821224,0.1587018507932855,0.27192982456140347,0.7017543859649122,0.27192982456140347,19,26.666666666666668,4,4.809523809523809,7,7.095238095238095,14.904761904761905,13,0.00011658668518066406,0.008351564407348633,1,fec_simple_farthest_point,0.1
2,19,0.3616734143049933,0.11434111569086676,0.27192982456140347,0.6929824561403508,0.27192982456140347,19,21.96153846153846,4,4.269230769230769,7,7.3076923076923075,13.76923076923077,13,0.00010657310485839844,0.008213043212890625,1,fec_simple_farthest_point,0.1
3,22,0.3550804093567252,0.1249581799250873,0.27192982456140347,0.6842105263157895,0.27192982456140347,19,22.291666666666668,4,4.083333333333333,7,7.208333333333333,12.916666666666666,13,0.000110626220703125,0.007318019866943359,1,fec_simple_farthest_point,0.1
4,19,0.35338345864661663,0.10587767427098706,0.27192982456140347,0.6842105263157895,0.27192982456140347,19,24.357142857142858,4,4.357142857142857,7,7.357142857142857,13.857142857142858,13,0.00011610984802246094,0.0075418949127197266,1,fec_simple_farthest_point,0.1
5,17,0.33811802232854865,0.10037821044652033,0.27192982456140347,0.6798245614035088,0.27192982456140347,19,27.12121212121212,4,4.9393939393939394,7,7.666666666666667,15.272727272727273,13,0.00011992454528808594,0.009619712829589844,1,fec_simple_farthest_point,0.1
