gen,invalid,avg,std,min,max,fitness_test,best_ind_length,avg_length,best_ind_nodes,avg_nodes,best_ind_depth,avg_depth,avg_used_codons,best_ind_used_codons,selection_time,generation_time,run,mode,sample_fraction
0,0,0.5010121457489878,0.16432542887377205,0.3026315789473685,0.6973684210526316,,36,23.53846153846154,8,5.3076923076923075,7,6.230769230769231,15.76923076923077,24,0.0,0.004643917083740234,2,fec_simple_farthest_point,0.2
1,20,0.34254385964912276,0.10176856374307393,0.27192982456140347,0.7105263157894737,0.27192982456140347,34,22.35,5,4.45,7,5.6,12.55,15,0.00012040138244628906,0.008266687393188477,2,fec_simple_farthest_point,0.2
2,12,0.34073464912280704,0.10493963841852708,0.27192982456140347,0.6973684210526316,0.27192982456140347,34,34.0,5,5.875,7,6.3125,17.28125,15,0.00010514259338378906,0.008675575256347656,2,fec_simple_farthest_point,0.2
3,17,0.3720760233918129,0.12329555084974209,0.27192982456140347,0.6929824561403508,0.27192982456140347,34,38.27777777777778,5,6.333333333333333,7,7.333333333333333,18.555555555555557,15,0.00012564659118652344,0.008153200149536133,2,fec_simple_farthest_point,0.2
4,16,0.318649885583524,0.0779409610373346,0.27192982456140347,0.5921052631578947,0.27192982456140347,34,35.52173913043478,5,5.782608695652174,7,7.608695652173913,16.782608695652176,15,0.00013256072998046875,0.00714111328125,2,fec_simple_farthest_point,0.2
5,16,0.33442982456140347,0.09990834326760853,0.27192982456140347,0.6929824561403508,0.27192982456140347,34,34.5,5,5.05,7,7.15,15.0,15,0.00011968612670898438,0.007717609405517578,2,fec_simple_farthest_point,0.2
