gen,invalid,avg,std,min,max,fitness_test,best_ind_length,avg_length,best_ind_nodes,avg_nodes,best_ind_depth,avg_depth,avg_used_codons,best_ind_used_codons,selection_time,generation_time,run,mode,sample_fraction
0,0,0.5377680311890838,0.1484342180709644,0.2894736842105263,0.7017543859649122,,18,30.055555555555557,4,6.555555555555555,6,6.666666666666667,20.055555555555557,12,0.0,0.005456447601318359,2,fec_simple_stratified,0.2
1,23,0.34978070175438597,0.10616730663945767,0.25877192982456143,0.7017543859649122,0.25877192982456143,38,34.75,7,5.875,7,6.708333333333333,17.083333333333332,21,0.00011992454528808594,0.009505748748779297,2,fec_simple_stratified,0.2
2,23,0.32033788174139055,0.06700184075756314,0.25877192982456143,0.5745614035087719,0.25877192982456143,38,34.18518518518518,7,5.555555555555555,7,6.777777777777778,15.814814814814815,21,0.0001087188720703125,0.008778810501098633,2,fec_simple_stratified,0.2
3,14,0.35388471177944864,0.12327948601414432,0.25877192982456143,0.7017543859649122,0.25877192982456143,38,29.771428571428572,7,4.257142857142857,7,6.457142857142857,12.371428571428572,21,0.00011968612670898438,0.008428812026977539,2,fec_simple_stratified,0.2
4,19,0.38174139051332034,0.14437202472996896,0.25877192982456143,0.7017543859649122,0.25877192982456143,38,28.59259259259259,7,5.222222222222222,7,6.851851851851852,15.88888888888889,21,0.00013756752014160156,0.007940053939819336,2,fec_simple_stratified,0.2
5,20,0.37485380116959066,0.1571935916167534,0.25877192982456143,0.7412280701754386,0.25877192982456143,38,34.333333333333336,7,5.233333333333333,7,6.633333333333334,15.766666666666667,21,0.00012612342834472656,0.008547067642211914,2,fec_simple_stratified,0.2
