run,mode,sample_fraction,final_test_mae,final_test_accuracy,total_time_sec,total_time_fair_sec,total_wall_time_sec,fake_eval_time_sec,hits,misses,hit_rate_overall,fake_hits,fake_hit_ratio
10,fec_simple_stratified,0.4,0.11111111111111116,0.8888888888888888,3.1163763999938965,2.5707690540730255,3.2592437280036393,0.545607345920871,10003.0,1032.0,0.9064793837788854,5921,0.5919224232730181
