run,mode,sample_fraction,final_test_mae,final_test_accuracy,total_time_sec,total_time_fair_sec,total_wall_time_sec,fake_eval_time_sec,hits,misses,hit_rate_overall,fake_hits,fake_hit_ratio
1,fec_simple_stratified,0.1,0.20238095238095233,0.7976190476190477,0.21432185173034668,0.18069433258642675,0.23672602400620235,0.033627519143919926,891.0,33.0,0.9642857142857143,459,0.5151515151515151
