source,sampling_method,mode,sample_fraction,speedup,speedup_pvalue,delta_mae_vs_baseline,delta_accuracy_vs_baseline,fake_hit_ratio_mean,final_test_mae_mean,final_test_mae_std,final_test_accuracy_mean,final_test_accuracy_std,total_time_sec_mean,total_time_sec_std,mae_pvalue
baseline,,baseline_simple,1.0,1.0,,0.0,0.0,0.0,0.3272401433691756,0.04298236817279088,0.6727598566308244,0.04298236817279088,12.670282967885335,6.795979157454,
FEC,farthest_point,farthest_point,0.1,1.1236068641533725,0.21345870677570106,-0.03862225719031381,0.03862225719031376,0.0,0.2886178861788618,0.023204648256908263,0.7113821138211381,0.023204648256908256,11.27643784681956,6.467050559348178,0.00010481176872820857
FEC,farthest_point,farthest_point,0.2,1.1929297398778436,0.10835966996171682,-0.044945653757612836,0.044945653757612836,0.0,0.2822944896115628,0.021894641232059003,0.7177055103884372,0.021894641232059003,10.62114770412445,5.641500269081731,9.505697452241761e-06
FEC,farthest_point,farthest_point,0.3,1.1683805619266636,0.14299486943929243,-0.040248273450476435,0.040248273450476435,0.0,0.2869918699186992,0.02562707625166011,0.7130081300813008,0.025627076251660157,10.844311674435934,6.097003070931467,7.665617273518044e-05
FEC,farthest_point,farthest_point,0.5,1.0377761748164558,0.38521197795829343,-0.044584316810910074,0.04458431681091002,0.0,0.28265582655826554,0.01819489402873608,0.7173441734417344,0.018194894028736076,12.20907096862793,5.051959198613312,7.90952454932657e-06
FEC,stratified,stratified,0.1,1.5010025622961272,0.0032294754291809576,-0.03455721653990734,0.03455721653990729,0.0,0.2926829268292683,0.019429212280688266,0.7073170731707317,0.019429212280688248,8.441213417053223,4.221203813320267,0.00031024340356647665
FEC,stratified,stratified,0.2,0.8539125866439994,0.8765428649306141,-0.04611999883439699,0.04611999883439699,0.0,0.2811201445347786,0.018683251701239415,0.7188798554652214,0.018683251701239398,14.83791569073995,7.3074326696677305,4.668301580120371e-06
FEC,stratified,stratified,0.3,0.9865884709203494,0.5391014848271316,-0.047475012384532445,0.047475012384532445,0.0,0.2797651309846432,0.017063608875656864,0.7202348690153568,0.017063608875656878,12.842520809173584,6.504407228188768,2.540941765673e-06
FEC,stratified,stratified,0.5,0.9530346717191205,0.6381545019103532,-0.044945653757612836,0.044945653757612836,0.0,0.2822944896115628,0.0231870583148285,0.7177055103884372,0.023187058314828497,13.29467158317566,6.587849200587295,1.0863501835104497e-05
