run,mode,sample_fraction,final_test_mae,final_test_accuracy,total_time_sec,total_time_fair_sec,total_wall_time_sec,fake_eval_time_sec,hits,misses,hit_rate_overall,fake_hits,fake_hit_ratio
5,fec_simple_stratified,0.2,0.33333333333333337,0.6666666666666666,0.19627881050109863,0.15912087457400048,0.22163547899981495,0.03715793592709815,1502.0,129.0,0.9209074187614961,53,0.035286284953395475
