run,mode,sample_fraction,final_test_mae,final_test_accuracy,total_time_sec,total_time_fair_sec,total_wall_time_sec,fake_eval_time_sec,hits,misses,hit_rate_overall,fake_hits,fake_hit_ratio
3,fec_simple_stratified,0.3,0.15476190476190477,0.8452380952380952,0.2328791618347168,0.19432267380034318,0.2582315510007902,0.038556488034373615,1181.0,280.0,0.8083504449007529,62,0.05249788314987299
