run,mode,sample_fraction,final_test_mae,final_test_accuracy,total_time_sec,total_time_fair_sec,total_wall_time_sec,fake_eval_time_sec,hits,misses,hit_rate_overall,fake_hits,fake_hit_ratio
3,fec_simple_stratified,0.1,0.29761904761904767,0.7023809523809523,0.1983044147491455,0.15931384066061582,0.22365414800151484,0.038990574088529684,1482.0,99.0,0.937381404174573,116,0.07827260458839407
