run,mode,sample_fraction,final_test_mae,final_test_accuracy,total_time_sec,total_time_fair_sec,total_wall_time_sec,fake_eval_time_sec,hits,misses,hit_rate_overall,fake_hits,fake_hit_ratio
3,fec_simple_stratified,0.2,0.26190476190476186,0.7380952380952381,0.20774054527282715,0.16670229408191517,0.23340720099804457,0.04103825119091198,1581.0,111.0,0.9343971631205674,88,0.055660974067046176
