run,mode,sample_fraction,final_test_mae,final_test_accuracy,total_time_sec,total_time_fair_sec,total_wall_time_sec,fake_eval_time_sec,hits,misses,hit_rate_overall,fake_hits,fake_hit_ratio
4,fec_simple_stratified,0.3,0.22619047619047616,0.7738095238095238,0.24778008460998535,0.20179380254558055,0.27391994500067085,0.045986282064404804,1491.0,187.0,0.8885578069129917,704,0.4721663313212609
