run,mode,sample_fraction,final_test_mae,final_test_accuracy,total_time_sec,total_time_fair_sec,total_wall_time_sec,fake_eval_time_sec,hits,misses,hit_rate_overall,fake_hits,fake_hit_ratio
1,fec_simple_stratified,0.3,0.27380952380952384,0.7261904761904762,0.20589900016784668,0.1663811012840597,0.23122474199772114,0.039517898883786984,1547.0,132.0,0.9213817748659917,33,0.021331609566903685
