run,mode,sample_fraction,final_test_mae,final_test_accuracy,total_time_sec,total_time_fair_sec,total_wall_time_sec,fake_eval_time_sec,hits,misses,hit_rate_overall,fake_hits,fake_hit_ratio
4,fec_simple_stratified,0.2,0.2142857142857143,0.7857142857142857,0.26885080337524414,0.2227844073495362,0.29886005300068064,0.046066396025707945,1324.0,345.0,0.793289394847214,232,0.17522658610271905
