run,mode,sample_fraction,final_test_mae,final_test_accuracy,total_time_sec,total_time_fair_sec,total_wall_time_sec,fake_eval_time_sec,hits,misses,hit_rate_overall,fake_hits,fake_hit_ratio
2,fec_simple_stratified,0.1,0.27380952380952384,0.7261904761904762,0.20322537422180176,0.16376783323357813,0.22841723599412944,0.03945754098822363,1333.0,118.0,0.9186767746381805,236,0.17704426106526633
