source,sampling_method,mode,sample_fraction,speedup,speedup_pvalue,delta_mae_vs_baseline,delta_accuracy_vs_baseline,fake_hit_ratio_mean,final_test_mae_mean,final_test_mae_std,final_test_accuracy_mean,final_test_accuracy_std,total_time_sec_mean,total_time_sec_std,mae_pvalue
baseline,,baseline_simple,1.0,1.0,,0.0,0.0,0.0,0.2614942528735632,0.06072676068753816,0.7385057471264368,0.060726760687538156,19.230105352401733,3.923865578629855,
FEC,farthest_point,farthest_point,0.1,1.0935943254833254,0.07105632984529324,-0.03400887275660419,0.034008872756604136,0.0,0.227485380116959,0.014086771310463037,0.7725146198830409,0.014086771310463044,17.584313400586446,4.478055448150764,0.006072536767005805
FEC,farthest_point,farthest_point,0.2,0.9283766432602091,0.9322048581979395,-0.04278080258116557,0.042780802581165456,0.0,0.21871345029239764,0.012023909470732223,0.7812865497076023,0.012023909470732192,20.71368931134542,3.5299374882323793,0.0007796346933428133
FEC,farthest_point,farthest_point,0.3,0.9293507398313015,0.9279227009546885,-0.04453518854607785,0.04453518854607785,0.0,0.21695906432748535,0.015266406411937541,0.7830409356725146,0.015266406411937543,20.691978311538698,3.587806094092785,0.0005500920096936799
FEC,farthest_point,farthest_point,0.5,0.8965164144673285,0.9660361861469845,-0.04482758620689656,0.04482758620689653,0.0,0.21666666666666665,0.010039932580929485,0.7833333333333333,0.010039932580929488,21.449808438618977,5.078851868971105,0.0004613670800378368
FEC,stratified,stratified,0.1,1.2070382539857805,0.0011677472870515427,-0.02304396047590243,0.023043960475902403,0.0,0.23845029239766077,0.011795083889783592,0.7615497076023392,0.011795083889783594,15.931645321846009,3.9650320399616334,0.05359499411590595
FEC,stratified,stratified,0.2,1.073078128051353,0.1498341947116927,-0.03576325872151645,0.03576325872151642,0.0,0.22573099415204675,0.013670958745685335,0.7742690058479532,0.01367095874568534,17.92050816218058,5.471093866606238,0.0040854855703065
FEC,stratified,stratified,0.3,0.9262775491013706,0.8899344513219782,-0.040149223633797165,0.04014922363379714,0.0,0.22134502923976604,0.014622806725204666,0.7786549707602339,0.01462280672520468,20.760629868507387,5.359825218611036,0.0015310757727929033
FEC,stratified,stratified,0.5,0.9597011053972213,0.7481975927019298,-0.0407340189554346,0.0407340189554346,0.0,0.2207602339181286,0.011511707418145938,0.7792397660818714,0.011511707418145903,20.037598419189454,5.12965713602156,0.0012530826872833782
