mode,sample_fraction,gen_mean,hit_mean,fitness_cached_mean,fitness_full_train_mean,fake_hit_mean,fitness_diff_mean,gen_std,hit_std,fitness_cached_std,fitness_full_train_std,fake_hit_std,fitness_diff_std
farthest_point,0.1,25.61654465431343,0.8014670354352406,0.4818620659981585,0.4884166851568682,0.0,0.0,14.659171297065855,0.3988955083049931,0.0177936472043846,0.01656216245061441,0.0,0.0
farthest_point,0.2,25.68663733466861,0.7808208384274592,0.48155901993352773,0.487408110796388,0.0,0.0,14.688059726121292,0.41369029080327324,0.017843948991142326,0.016445748003834897,0.0,0.0
farthest_point,0.3,25.700324977969753,0.7829006236384968,0.48030437472009835,0.48620556846265744,0.0,0.0,14.701448510547138,0.41227082984969365,0.017395057631067738,0.01703244485458151,0.0,0.0
