gen,invalid,avg,std,min,max,fitness_test,best_ind_length,avg_length,best_ind_nodes,avg_nodes,best_ind_depth,avg_depth,avg_used_codons,best_ind_used_codons,selection_time,generation_time,run,mode,sample_fraction
0,0,0.8280065005417117,0.1595893011702314,0.676056338028169,1.0,,3,20.846153846153847,1,4.615384615384615,3,5.961538461538462,14.038461538461538,2,0.0,0.003078460693359375,5,baseline_simple,1.0
1,14,0.7163292253521126,0.10161416645095367,0.676056338028169,1.0,0.6388888888888888,3,17.40625,1,2.96875,3,5.09375,8.78125,2,0.00010657310485839844,0.00477910041809082,5,baseline_simple,1.0
2,10,0.6796780684104626,0.02111813563525462,0.676056338028169,0.8028169014084507,0.6388888888888888,3,16.428571428571427,1,2.342857142857143,3,4.285714285714286,6.171428571428572,2,0.00010442733764648438,0.0035974979400634766,5,baseline_simple,1.0
3,15,0.6865061335756474,0.057235887426709785,0.676056338028169,1.0,0.6388888888888888,3,11.612903225806452,1,1.3870967741935485,3,3.4193548387096775,3.129032258064516,2,0.00011086463928222656,0.003081083297729492,5,baseline_simple,1.0
4,4,0.6765845070422534,0.0032984144357737976,0.676056338028169,0.6971830985915493,0.6388888888888888,3,11.1,1,1.475,3,3.45,3.325,2,9.775161743164062e-05,0.0029592514038085938,5,baseline_simple,1.0
5,3,0.6907810499359794,0.06747710690395924,0.676056338028169,1.0,0.6388888888888888,3,9.272727272727273,1,1.25,3,3.272727272727273,2.727272727272727,2,0.00011301040649414062,0.0026938915252685547,5,baseline_simple,1.0
6,3,0.6760563380281689,1.1102230246251565e-16,0.676056338028169,0.676056338028169,0.6388888888888888,3,6.046511627906977,1,1.0,3,3.0,2.0,2,0.00010514259338378906,0.0024182796478271484,5,baseline_simple,1.0
7,4,0.676056338028169,0.0,0.676056338028169,0.676056338028169,0.6388888888888888,3,5.619047619047619,1,1.0,3,3.0,2.0,2,0.00010919570922851562,0.002529144287109375,5,baseline_simple,1.0
8,3,0.6834186939820742,0.04827819656176248,0.676056338028169,1.0,0.6388888888888888,3,6.5,1,1.0227272727272727,3,3.0681818181818183,2.1136363636363638,2,9.870529174804688e-05,0.002342700958251953,5,baseline_simple,1.0
9,3,0.6760563380281689,1.1102230246251565e-16,0.676056338028169,0.676056338028169,0.6388888888888888,3,5.311111111111111,1,1.0,3,3.0,2.0,2,0.00010967254638671875,0.0023577213287353516,5,baseline_simple,1.0
10,7,0.676056338028169,0.0,0.676056338028169,0.676056338028169,0.6388888888888888,3,6.024390243902439,1,1.0,3,3.0,2.0,2,0.00010156631469726562,0.0024323463439941406,5,baseline_simple,1.0
