gen,invalid,avg,std,min,max,fitness_test,best_ind_length,avg_length,best_ind_nodes,avg_nodes,best_ind_depth,avg_depth,avg_used_codons,best_ind_used_codons,selection_time,generation_time,run,mode,sample_fraction
0,0,0.7679577464788733,0.15799582594382514,0.647887323943662,1.0,,3,22.25,1,4.95,3,5.55,14.9,2,0.0,0.002852916717529297,10,baseline_simple,1.0
1,16,0.6639145216124334,0.06675481886858341,0.647887323943662,1.0,0.75,3,14.517241379310345,1,2.0,3,3.8275862068965516,5.344827586206897,2,0.00010943412780761719,0.004300355911254883,10,baseline_simple,1.0
2,5,0.6478873239436621,1.1102230246251565e-16,0.647887323943662,0.647887323943662,0.75,3,12.357142857142858,1,1.0714285714285714,3,3.2142857142857144,2.357142857142857,2,9.775161743164062e-05,0.0028274059295654297,10,baseline_simple,1.0
3,1,0.6478873239436621,1.1102230246251565e-16,0.647887323943662,0.647887323943662,0.75,3,11.071428571428571,1,1.0,3,3.0,2.0,2,0.00010466575622558594,0.002444744110107422,10,baseline_simple,1.0
4,0,0.6478873239436621,1.1102230246251565e-16,0.647887323943662,0.647887323943662,0.75,3,10.914893617021276,1,1.0,3,3.0,2.0,2,0.00011229515075683594,0.0027191638946533203,10,baseline_simple,1.0
5,0,0.647887323943662,0.0,0.647887323943662,0.647887323943662,0.75,3,9.613636363636363,1,1.0,3,3.0,2.0,2,0.00010895729064941406,0.003000497817993164,10,baseline_simple,1.0
6,0,0.6552230046948359,0.05029089348885742,0.647887323943662,1.0,0.75,3,11.604166666666666,1,1.0625,3,3.0833333333333335,2.2291666666666665,2,0.00011873245239257812,0.0030896663665771484,10,baseline_simple,1.0
7,2,0.647887323943662,0.0,0.647887323943662,0.647887323943662,0.75,3,8.795454545454545,1,1.0,3,3.0,2.0,2,0.0001125335693359375,0.002907276153564453,10,baseline_simple,1.0
8,1,0.6478873239436621,1.1102230246251565e-16,0.647887323943662,0.647887323943662,0.75,3,8.652173913043478,1,1.0,3,3.0,2.0,2,0.00011110305786132812,0.00261688232421875,10,baseline_simple,1.0
9,3,0.6478873239436621,1.1102230246251565e-16,0.647887323943662,0.647887323943662,0.75,3,9.361702127659575,1,1.0,3,3.0,2.0,2,0.00010609626770019531,0.0027627944946289062,10,baseline_simple,1.0
10,6,0.647887323943662,0.0,0.647887323943662,0.647887323943662,0.75,3,9.268292682926829,1,1.0,3,3.0,2.0,2,0.00011181831359863281,0.0026543140411376953,10,baseline_simple,1.0
