mode,sample_fraction,final_test_mae_mean,final_test_accuracy_mean,total_time_sec_mean,total_time_fair_sec_mean,total_wall_time_sec_mean,fake_eval_time_sec_mean,hits_mean,misses_mean,hit_rate_overall_mean,fake_hits_mean,fake_hit_ratio_mean,final_test_mae_std,final_test_accuracy_std,total_time_sec_std,total_time_fair_sec_std,total_wall_time_sec_std,fake_eval_time_sec_std,hits_std,misses_std,hit_rate_overall_std,fake_hits_std,fake_hit_ratio_std,fake_hit_rate_overall_mean
farthest_point,0.1,0.25087719298245614,0.7491228070175439,0.08003685474395747,0.08003685474395747,0.09822066338965665,0.0,182.3,109.7,0.6260501354502209,0.0,0.0,0.010707504926082205,0.010707504926082207,0.02088883309634115,0.02088883309634115,0.021082139046439727,0.0,31.29233132893745,31.125712843242642,0.09096865660970975,0.0,0.0,0.0
farthest_point,0.2,0.25175438596491223,0.7482456140350877,0.08477411270141597,0.08477411270141597,0.11181861569639291,0.0,158.5,146.3,0.5183873220641191,0.0,0.0,0.014573024320908914,0.014573024320908923,0.01138327350049139,0.01138327350049139,0.01134382469214947,0.0,25.554842985234714,18.374166647769364,0.06475116382992573,0.0,0.0,0.0
farthest_point,0.3,0.25745614035087716,0.7425438596491227,0.07449367046356195,0.07449367046356195,0.12035775260301303,0.0,164.2,118.3,0.582748547256773,0.0,0.0,0.014014513428658283,0.014014513428658289,0.01520414625574235,0.01520414625574235,0.015329567325930916,0.0,43.14579933203232,40.55872285957732,0.11376859849317718,0.0,0.0,0.0
stratified,0.1,0.25482456140350873,0.7451754385964913,0.07221722602844234,0.07221722602844234,0.08752752260188565,0.0,207.2,82.2,0.7121413177364702,0.0,0.0,0.01737307221082312,0.017373072210823116,0.013574664242015802,0.013574664242015802,0.013661521836646286,0.0,35.269817124561335,17.39425192412712,0.072242014284585,0.0,0.0,0.0
stratified,0.2,0.24868421052631576,0.7513157894736843,0.07924995422363276,0.07924995422363276,0.0942833789857104,0.0,155.7,101.8,0.6074758789081494,0.0,0.0,0.01743938188778163,0.017439381887781626,0.014366670073708761,0.014366670073708761,0.014725496816297682,0.0,27.462884043741653,29.11631844859511,0.08191916208424196,0.0,0.0,0.0
stratified,0.3,0.25263157894736843,0.7473684210526316,0.07676334381103511,0.07676334381103511,0.09187829360598695,0.0,170.7,117.8,0.5939434712414995,0.0,0.0,0.019138091429185492,0.01913809142918544,0.013862652747641499,0.013862652747641499,0.014124368924053735,0.0,17.286121600868142,23.978323544401512,0.05770604414790036,0.0,0.0,0.0
