source,sampling_method,mode,sample_fraction,speedup,speedup_pvalue,delta_mae_vs_baseline,delta_accuracy_vs_baseline,fake_hit_ratio_mean,final_test_mae_mean,final_test_mae_std,final_test_accuracy_mean,final_test_accuracy_std,total_time_sec_mean,total_time_sec_std,mae_pvalue
baseline,,baseline_simple,1.0,1.0,,0.0,0.0,0.0,0.253448275862069,0.0523241065706673,0.746551724137931,0.052324106570667286,0.089578104019165,0.048604696818951715,
FEC,farthest_point,farthest_point,0.1,0.9805460168254544,0.5408151505993679,-0.007834240774349716,0.007834240774349577,0.3212810913678286,0.24561403508771926,0.019516311808146485,0.7543859649122806,0.019516311808146496,0.10410838127136227,0.017280987382758278,0.6816484334457106
FEC,farthest_point,farthest_point,0.2,1.0574676640626062,0.39064006608217394,-0.0016938898971567418,0.0016938898971566863,0.1488845324824352,0.25175438596491223,0.024670808965658306,0.7482456140350877,0.024670808965658306,0.09413285255432124,0.016886304498996745,0.9313584856973197
FEC,farthest_point,farthest_point,0.3,1.0857059357191143,0.34247327306802194,-0.00037810042347252715,0.00037810042347252715,0.10911403687716821,0.25307017543859645,0.02580274750891706,0.7469298245614036,0.025802747508917052,0.09316947460174554,0.016412991855272705,0.9847801362513331
FEC,stratified,stratified,0.1,0.9113704369463356,0.6950100093609672,-0.009588626739262002,0.009588626739261974,0.4920419318934828,0.24385964912280697,0.017674948841763054,0.756140350877193,0.01767494884176306,0.1141191959381103,0.01149860573984599,0.6127696886263612
FEC,stratified,stratified,0.2,1.0675958458318917,0.372992093736626,-0.0008166969147005987,0.0008166969147005432,0.36810285589969516,0.2526315789473684,0.020776700495310555,0.7473684210526316,0.02077670049531057,0.09557077884674066,0.01774163752131535,0.9660167378098004
FEC,stratified,stratified,0.3,1.0397570404799015,0.423839115589094,0.004007864488808188,-0.004007864488808299,0.19544303860720488,0.25745614035087716,0.013596491228070199,0.7425438596491227,0.013596491228070193,0.09806818962097164,0.02193343725171086,0.8283849083287349
