source,sampling_method,mode,sample_fraction,speedup,speedup_pvalue,delta_mae_vs_baseline,delta_accuracy_vs_baseline,fake_hit_ratio_mean,final_test_mae_mean,final_test_mae_std,final_test_accuracy_mean,final_test_accuracy_std,total_time_sec_mean,total_time_sec_std,mae_pvalue
baseline,,baseline_simple,1.0,1.0,,0.0,0.0,0.0,0.253448275862069,0.0523241065706673,0.746551724137931,0.052324106570667286,0.089578104019165,0.048604696818951715,
FEC,farthest_point,farthest_point,0.1,1.1192106974434533,0.2990984414556306,-0.0025710828796128293,0.0025710828796128293,0.0,0.25087719298245614,0.010707504926082205,0.7491228070175439,0.010707504926082207,0.08003685474395747,0.02088883309634115,0.8881095951468415
FEC,farthest_point,farthest_point,0.2,1.0566681403634295,0.3893572461216435,-0.0016938898971567418,0.0016938898971566863,0.0,0.25175438596491223,0.014573024320908914,0.7482456140350877,0.014573024320908923,0.08477411270141597,0.01138327350049139,0.9272401218061824
FEC,farthest_point,farthest_point,0.3,1.2024928220308528,0.19684147396704646,0.004007864488808188,-0.004007864488808299,0.0,0.25745614035087716,0.014014513428658283,0.7425438596491227,0.014014513428658289,0.07449367046356195,0.01520414625574235,0.8286853995476298
FEC,stratified,stratified,0.1,1.24039801783421,0.16272861976782918,0.001376285541439759,-0.001376285541439759,0.0,0.25482456140350873,0.01737307221082312,0.7451754385964913,0.017373072210823116,0.07221722602844234,0.013574664242015802,0.9416522520566818
FEC,stratified,stratified,0.2,1.1303237320035235,0.2769553811075783,-0.004764065335753215,0.0047640653357532425,0.0,0.24868421052631576,0.01743938188778163,0.7513157894736843,0.017439381887781626,0.07924995422363276,0.014366670073708761,0.8003283675800137
FEC,stratified,stratified,0.3,1.166938535659356,0.2318451037692344,-0.0008166969147005432,0.0008166969147005432,0.0,0.25263157894736843,0.019138091429185492,0.7473684210526316,0.01913809142918544,0.07676334381103511,0.013862652747641499,0.965686652747645
