run,mode,sample_fraction,final_test_mae,final_test_accuracy,total_time_sec,total_time_fair_sec,total_wall_time_sec,fake_eval_time_sec,hits,misses,hit_rate_overall,fake_hits,fake_hit_ratio
7,fec_simple_stratified,0.1,0.17741935483870963,0.8225806451612904,1.4156672954559326,1.1332737522971001,1.534065895000822,0.28239354315883247,11287.0,109.0,0.9904352404352404,226,0.020023035350403118
