run,mode,sample_fraction,final_test_mae,final_test_accuracy,total_time_sec,total_time_fair_sec,total_wall_time_sec,fake_eval_time_sec,hits,misses,hit_rate_overall,fake_hits,fake_hit_ratio
3,fec_simple_stratified,0.1,0.16935483870967738,0.8306451612903226,1.3958985805511475,1.1212771168720792,1.5088271160057047,0.27462146367906826,11140.0,98.0,0.9912795871151451,277,0.024865350089766605
