run,mode,sample_fraction,final_test_mae,final_test_accuracy,total_time_sec,total_time_fair_sec,total_wall_time_sec,fake_eval_time_sec,hits,misses,hit_rate_overall,fake_hits,fake_hit_ratio
8,fec_simple_stratified,0.1,0.14516129032258063,0.8548387096774194,1.4149742126464844,1.1323074256652035,1.5308782729989616,0.2826667869812809,11292.0,119.0,0.9895714661291736,240,0.021253985122210415
