run,mode,sample_fraction,final_test_mae,final_test_accuracy,total_time_sec,total_time_fair_sec,total_wall_time_sec,fake_eval_time_sec,hits,misses,hit_rate_overall,fake_hits,fake_hit_ratio
5,fec_simple_stratified,0.3,0.24122807017543857,0.7587719298245614,0.12387776374816895,0.11271974665578455,0.13979549799114466,0.011158017092384398,158.0,192.0,0.4514285714285714,71,0.44936708860759494
