run,mode,sample_fraction,final_test_mae,final_test_accuracy,total_time_sec,total_time_fair_sec,total_wall_time_sec,fake_eval_time_sec,hits,misses,hit_rate_overall,fake_hits,fake_hit_ratio
7,fec_simple_stratified,0.2,0.27192982456140347,0.7280701754385965,0.08390116691589355,0.07394101651152596,0.09956154803512618,0.009960150404367596,204.0,109.0,0.6517571884984026,47,0.23039215686274508
