run,mode,sample_fraction,final_test_mae,final_test_accuracy,total_time_sec,total_time_fair_sec,total_wall_time_sec,fake_eval_time_sec,hits,misses,hit_rate_overall,fake_hits,fake_hit_ratio
4,fec_simple_stratified,0.1,0.23684210526315785,0.7631578947368421,0.10132217407226562,0.08750777447130531,0.11593769100727513,0.013814399600960314,203.0,104.0,0.6612377850162866,101,0.4975369458128079
