run,mode,sample_fraction,final_test_mae,final_test_accuracy,total_time_sec,total_time_fair_sec,total_wall_time_sec,fake_eval_time_sec,hits,misses,hit_rate_overall,fake_hits,fake_hit_ratio
3,fec_simple_stratified,0.3,0.2763157894736842,0.7236842105263158,0.05799078941345215,0.05058801418635994,0.07202230195980519,0.0074027752270922065,185.0,43.0,0.8114035087719298,16,0.08648648648648649
