run,mode,sample_fraction,final_test_mae,final_test_accuracy,total_time_sec,total_time_fair_sec,total_wall_time_sec,fake_eval_time_sec,hits,misses,hit_rate_overall,fake_hits,fake_hit_ratio
10,fec_simple_stratified,0.1,0.24122807017543857,0.7587719298245614,0.10052227973937988,0.08511729771271348,0.11760786100057885,0.015404982026666403,232.0,74.0,0.7581699346405228,105,0.4525862068965517
