run,mode,sample_fraction,final_test_mae,final_test_accuracy,total_time_sec,total_time_fair_sec,total_wall_time_sec,fake_eval_time_sec,hits,misses,hit_rate_overall,fake_hits,fake_hit_ratio
9,fec_simple_stratified,0.3,0.24122807017543857,0.7587719298245614,0.09782886505126953,0.08478321321308613,0.11356212699320167,0.013045651838183403,213.0,117.0,0.6454545454545455,52,0.24413145539906103
