run,mode,sample_fraction,final_test_mae,final_test_accuracy,total_time_sec,total_time_fair_sec,total_wall_time_sec,fake_eval_time_sec,hits,misses,hit_rate_overall,fake_hits,fake_hit_ratio
3,fec_simple_stratified,0.2,0.26315789473684215,0.7368421052631579,0.09432506561279297,0.08204294834285975,0.1082304620067589,0.012282117269933224,190.0,100.0,0.6551724137931034,43,0.22631578947368422
