run,mode,sample_fraction,final_test_mae,final_test_accuracy,total_time_sec,total_time_fair_sec,total_wall_time_sec,fake_eval_time_sec,hits,misses,hit_rate_overall,fake_hits,fake_hit_ratio
2,fec_simple_stratified,0.2,0.26315789473684215,0.7368421052631579,0.11835932731628418,0.10104082303587347,0.1334615530213341,0.017318504280410707,222.0,125.0,0.6397694524495677,54,0.24324324324324326
