run,mode,sample_fraction,final_test_mae,final_test_accuracy,total_time_sec,total_time_fair_sec,total_wall_time_sec,fake_eval_time_sec,hits,misses,hit_rate_overall,fake_hits,fake_hit_ratio
7,fec_simple_stratified,0.1,0.27192982456140347,0.7280701754385965,0.11455464363098145,0.09983130602631718,0.13043441000627354,0.014723337604664266,222.0,116.0,0.6568047337278107,102,0.4594594594594595
