run,mode,sample_fraction,final_test_mae,final_test_accuracy,total_time_sec,total_time_fair_sec,total_wall_time_sec,fake_eval_time_sec,hits,misses,hit_rate_overall,fake_hits,fake_hit_ratio
10,fec_simple_stratified,0.3,0.25877192982456143,0.7412280701754386,0.07010912895202637,0.061719987832475454,0.08376538200536743,0.008389141119550914,182.0,62.0,0.7459016393442623,12,0.06593406593406594
