run,mode,sample_fraction,final_test_mae,final_test_accuracy,total_time_sec,total_time_fair_sec,total_wall_time_sec,fake_eval_time_sec,hits,misses,hit_rate_overall,fake_hits,fake_hit_ratio
10,fec_simple_farthest_point,0.2,0.22368421052631582,0.7763157894736842,0.10850882530212402,0.09908185567473993,0.13479531998746097,0.009426969627384096,133.0,163.0,0.44932432432432434,29,0.21804511278195488
