run,mode,sample_fraction,final_test_mae,final_test_accuracy,total_time_sec,total_time_fair_sec,total_wall_time_sec,fake_eval_time_sec,hits,misses,hit_rate_overall,fake_hits,fake_hit_ratio
10,fec_simple_stratified,0.2,0.24561403508771928,0.7543859649122807,0.10798287391662598,0.0957186160958372,0.12264374498045072,0.012264257820788771,166.0,131.0,0.5589225589225589,74,0.4457831325301205
